id,character,cloth,class,rank,affiliation,scheme,artist,constellation,evilStar
78,73,294,14,9,2,https://firebasestorage.googleapis.com/v0/b/saint-seiya-api-accd5.appspot.com/o/tezcatlipoca-jaguars%2Fquetzalcoatl-calvera.jpg?alt=media&token=03b9cc1a-e6b4-494d-a7b6-7880c0eed389,,,
333,302,367,14,,2,https://firebasestorage.googleapis.com/v0/b/saint-seiya-api-accd5.appspot.com/o/tezcatlipoca-jaguars%2Fyoualtepuztli-nahualpilli.jpg?alt=media&token=24be88b3-2083-46bf-ad48-a7f4dc2990eb,3,,
520,457,338,14,9,2,https://firebasestorage.googleapis.com/v0/b/saint-seiya-api-accd5.appspot.com/o/tezcatlipoca-jaguars%2Ftezcatlipoca-wesda.png?alt=media&token=46984207-8f16-40c0-a94d-966aba15cf7c,3,,
93,88,35,10,9,3,https://firebasestorage.googleapis.com/v0/b/saint-seiya-api-accd5.appspot.com/o/balor-fairies%2Fbalor-cruaich.jpg?alt=media&token=fcb18090-626b-4069-934d-feb8a3a4a708,12,,
425,383,37,10,,3,https://firebasestorage.googleapis.com/v0/b/saint-seiya-api-accd5.appspot.com/o/balor-fairies%2Fbanshee-shelley.jpg?alt=media&token=46a0131e-2812-4d03-ba36-b02f367a1e2e,,,
31,26,,19,9,8,https://firebasestorage.googleapis.com/v0/b/saint-seiya-api-accd5.appspot.com/o/ra-legionaries%2Fanubis.jpg?alt=media&token=14cc7b63-fcc2-43b2-af8c-b2e17f5b5f4f,,,
35,29,,19,9,8,https://firebasestorage.googleapis.com/v0/b/saint-seiya-api-accd5.appspot.com/o/ra-legionaries%2Fapophis.jpg?alt=media&token=6ed62239-7a3f-4bbd-9387-92ad30846770,,,
376,348,,19,9,8,https://firebasestorage.googleapis.com/v0/b/saint-seiya-api-accd5.appspot.com/o/ra-legionaries%2Flegionaries.jpg?alt=media&token=32e6d21e-0bf2-4216-8842-5b225d97a7f9,,,
545,,,19,1,8,https://firebasestorage.googleapis.com/v0/b/saint-seiya-api-accd5.appspot.com/o/ra-legionaries%2Fra.jpg?alt=media&token=e8b1ef73-9f07-429c-9943-60cbbfc9d12c,,,
42,36,,29,48,10,,,,
39,33,,3,9,11,https://firebasestorage.googleapis.com/v0/b/saint-seiya-api-accd5.appspot.com/o/ares-berserkers%2Fares.jpg?alt=media&token=e109dff3-bc5c-4aef-ad60-0ccae587b7b5,,,
57,51,34,17,47,11,https://firebasestorage.googleapis.com/v0/b/saint-seiya-api-accd5.appspot.com/o/ares-martians%2Fbacchus.png?alt=media&token=d7cd83a6-fae5-4046-8944-e4aa4081e7e4,5,,
65,59,42,17,,11,https://firebasestorage.googleapis.com/v0/b/saint-seiya-api-accd5.appspot.com/o/ares-martians%2Fbeetle-brothers-1.jpg?alt=media&token=3bf2b3bf-a403-4df6-9777-bf32b0c900f0,,,
66,60,43,17,,11,https://firebasestorage.googleapis.com/v0/b/saint-seiya-api-accd5.appspot.com/o/ares-martians%2Fbeetle-brothers-2.jpg?alt=media&token=6385e58a-f989-4615-941f-09c4004395f1,,,
108,101,,3,22,11,,,,
109,102,107,17,47,11,https://firebasestorage.googleapis.com/v0/b/saint-seiya-api-accd5.appspot.com/o/ares-martians%2Fdiana.png?alt=media&token=f63907b1-6422-46d3-af5c-341e8a1f7cae,5,,
193,179,180,3,25,11,https://firebasestorage.googleapis.com/v0/b/saint-seiya-api-accd5.appspot.com/o/ares-berserkers%2Fjamadhar-hema.jpg?alt=media&token=1f26d2d2-8fe3-4e39-9468-d5787a866787,,,
258,232,47,3,25,11,https://firebasestorage.googleapis.com/v0/b/saint-seiya-api-accd5.appspot.com/o/ares-berserkers%2Fbhuj-kokalo.jpg?alt=media&token=40056210-76b3-4fd2-ab78-9d7ac721cd10,,,
267,237,,3,9,11,,,,
288,259,216,17,9,11,https://firebasestorage.googleapis.com/v0/b/saint-seiya-api-accd5.appspot.com/o/ares-martians%2Fmars-ludwig-1.jpg?alt=media&token=c6e29bd2-a70b-4b93-84a4-d2161d86d324,5,,
293,264,217,17,15,11,https://firebasestorage.googleapis.com/v0/b/saint-seiya-api-accd5.appspot.com/o/ares-martians%2Fmartian-commander.png?alt=media&token=8b6c8afa-ce39-437a-9f5d-f8d815b6800f,,,
300,271,,17,20,11,https://firebasestorage.googleapis.com/v0/b/saint-seiya-api-accd5.appspot.com/o/ares-martians%2Fmedea.jpg?alt=media&token=961487e7-4756-4499-ad8e-5001e115e129,,,
344,316,212,17,,11,https://firebasestorage.googleapis.com/v0/b/saint-seiya-api-accd5.appspot.com/o/ares-martians%2Fmantis-ordykia.jpg?alt=media&token=757da9b4-0120-4747-9414-bc2c89fb0cde,5,,
364,336,,3,23,11,,,,
377,349,13,17,,11,https://firebasestorage.googleapis.com/v0/b/saint-seiya-api-accd5.appspot.com/o/ares-martians%2Fant-radzinsky.jpg?alt=media&token=3551b270-d8f6-4178-a498-de8ac84cce70,,,
378,350,325,17,,11,https://firebasestorage.googleapis.com/v0/b/saint-seiya-api-accd5.appspot.com/o/ares-martians%2Fspider-ragno.jpg?alt=media&token=0f14b2bc-e510-496b-a281-b9c67f14f58c,,,
392,364,298,17,47,11,https://firebasestorage.googleapis.com/v0/b/saint-seiya-api-accd5.appspot.com/o/ares-martians%2Fromulus.png?alt=media&token=13c67fd5-6a53-459d-b146-fc864761de76,5,,
400,370,25,8,9,11,https://firebasestorage.googleapis.com/v0/b/saint-seiya-api-accd5.appspot.com/o/eris-dryads%2Fares-saga.jpg?alt=media&token=334cb36e-88ba-4350-a5cd-916984af4e5c,,,
458,403,167,17,,11,https://firebasestorage.googleapis.com/v0/b/saint-seiya-api-accd5.appspot.com/o/ares-martians%2Fhornet-sonia.jpg?alt=media&token=d114507d-0e08-4568-842e-8060aab893bf,,,
518,455,362,17,47,11,https://firebasestorage.googleapis.com/v0/b/saint-seiya-api-accd5.appspot.com/o/ares-martians%2Fvulcanus.png?alt=media&token=62e7d0e2-9c86-4010-9c2b-146ec5f7db6e,5,,
546,,322,17,,11,https://firebasestorage.googleapis.com/v0/b/saint-seiya-api-accd5.appspot.com/o/ares-martians%2Fmartian-soldiers.jpg?alt=media&token=ab2d4eba-10da-48b0-877a-4ed21a616b37,,,
551,,14,17,1,11,https://firebasestorage.googleapis.com/v0/b/saint-seiya-api-accd5.appspot.com/o/ares-martians%2Fant-squad-soldier.jpg?alt=media&token=6de0b421-a981-47dc-9c68-3073979012c7,,,
566,,,3,24,11,,,,
567,,,3,23,11,,,,
568,,,3,22,11,,,,
44,38,,23,9,12,https://firebasestorage.googleapis.com/v0/b/saint-seiya-api-accd5.appspot.com/o/artemis-satellites%2Fartemis.jpg?alt=media&token=e7365fde-e0b0-458c-9b21-a4ed2e3ca53c,5,,
74,70,,23,15,12,https://firebasestorage.googleapis.com/v0/b/saint-seiya-api-accd5.appspot.com/o/artemis-satellites%2Fcallisto.jpg?alt=media&token=8f499a3c-48f7-4d48-ad5c-c1bb848b1103,5,,
190,176,,23,53,12,,,,
277,246,,23,12,12,https://firebasestorage.googleapis.com/v0/b/saint-seiya-api-accd5.appspot.com/o/artemis-satellites%2Flascoumoune.jpg?alt=media&token=c152c631-d22b-4d9f-bb11-929c9655016f,5,,
548,,383,23,1,12,https://firebasestorage.googleapis.com/v0/b/saint-seiya-api-accd5.appspot.com/o/artemis-satellites%2Fsatellites-1.jpg?alt=media&token=8daaef6d-5ec5-4017-b2da-598d5680e45b,5,,
549,,389,23,1,12,https://firebasestorage.googleapis.com/v0/b/saint-seiya-api-accd5.appspot.com/o/artemis-satellites%2Fsatellites-3.jpg?alt=media&token=725281e0-38ed-4aea-a6ce-9a56f0e08478,5,,
582,484,,2,9,13,https://firebasestorage.googleapis.com/v0/b/saint-seiya-api-accd5.appspot.com/o/astreia-golden-tribe%2Fastraea.jpg?alt=media&token=bae01853-5c70-44c6-9ad7-4ab6645d5ff7,5,,
583,485,,2,,13,https://firebasestorage.googleapis.com/v0/b/saint-seiya-api-accd5.appspot.com/o/astreia-golden-tribe%2Fex.png?alt=media&token=ec602fb1-acf2-4550-b411-8360ef488bcb,5,,
584,486,,2,,13,https://firebasestorage.googleapis.com/v0/b/saint-seiya-api-accd5.appspot.com/o/astreia-golden-tribe%2Fmachina.png?alt=media&token=a01db7ea-f6d6-4332-9085-6316d6dee507,5,,
1,1,148,22,7,14,,,38,
3,3,,22,,14,,,,
6,6,83,22,6,14,,,29,
7,7,201,22,6,14,https://firebasestorage.googleapis.com/v0/b/saint-seiya-api-accd5.appspot.com/o/athena-saints%2Flotus-aghora.jpg?alt=media&token=a2934adb-2f5d-43d1-b3d1-b472d2b3a9bd,,90,
10,10,189,22,7,14,https://firebasestorage.googleapis.com/v0/b/saint-seiya-api-accd5.appspot.com/o/athena-saints%2Fleo-aiolia.jpg?alt=media&token=95b5ccea-5597-4ef2-b84e-2d748699b0c0,,,
11,10,190,22,9,14,,,,
13,11,302,22,7,14,https://firebasestorage.googleapis.com/v0/b/saint-seiya-api-accd5.appspot.com/o/athena-saints%2Fsagittarius-aiolos.jpg?alt=media&token=968a4b33-f4f0-496a-883d-5ccba20f6d7d,,,
14,11,303,22,9,14,,,,
15,12,284,22,7,14,https://firebasestorage.googleapis.com/v0/b/saint-seiya-api-accd5.appspot.com/o/athena-saints%2Fpisces-aphrodite.jpg?alt=media&token=565747b1-af6b-464b-a955-c90e76ee3adb,1,,
18,15,336,22,7,14,https://firebasestorage.googleapis.com/v0/b/saint-seiya-api-accd5.appspot.com/o/athena-saints%2Ftaurus-aldebaran.jpg?alt=media&token=0b196a01-14a4-420a-93d4-37b7c2473c69,1,,
19,15,337,22,9,14,,,,
20,16,379,22,4,14,,,,
21,17,165,22,6,14,https://firebasestorage.googleapis.com/v0/b/saint-seiya-api-accd5.appspot.com/o/athena-saints%2Fheracles-algethi.jpg?alt=media&token=4df620fa-ea18-47e6-a00b-322687646526,1,,
22,18,273,22,6,14,https://firebasestorage.googleapis.com/v0/b/saint-seiya-api-accd5.appspot.com/o/athena-saints%2Fperseus-algol.jpg?alt=media&token=23852782-70d8-45bf-b8bb-42514693777f,1,,
24,20,105,22,5,14,https://firebasestorage.googleapis.com/v0/b/saint-seiya-api-accd5.appspot.com/o/athena-saints%2Fdelphinus-mii.jpg?alt=media&token=ebf07b32-f5b0-400f-80c4-9872dc2b4f51,4,,
25,21,32,22,6,14,https://firebasestorage.googleapis.com/v0/b/saint-seiya-api-accd5.appspot.com/o/athena-saints%2Fauriga-almaaz.jpg?alt=media&token=4f55d901-2947-4766-a5c2-c5117457870f,6,,
27,23,284,22,7,14,https://firebasestorage.googleapis.com/v0/b/saint-seiya-api-accd5.appspot.com/o/athena-saints%2Fpisces-amor.jpg?alt=media&token=de320df7-4d11-4d5c-a1b2-7d4e619ddb3c,5,,
32,27,284,22,7,14,https://firebasestorage.googleapis.com/v0/b/saint-seiya-api-accd5.appspot.com/o/athena-saints%2Fpisces-aphrodite.jpg?alt=media&token=565747b1-af6b-464b-a955-c90e76ee3adb,1,,
33,27,285,22,9,14,,,,
37,31,335,22,6,14,https://firebasestorage.googleapis.com/v0/b/saint-seiya-api-accd5.appspot.com/o/athena-saints%2Ftarantula-arachne.png?alt=media&token=7c0882be-c896-408e-a10a-5466fc3e9f26,,,
38,32,301,22,6,14,,,,
40,34,359,22,5,14,https://firebasestorage.googleapis.com/v0/b/saint-seiya-api-accd5.appspot.com/o/athena-saints%2Fvolans-argo.jpg?alt=media&token=bece41c0-53f8-4200-bf5b-7e21a830b8a4,6,,
41,35,30,22,9,14,,,,
43,37,195,22,5,14,https://firebasestorage.googleapis.com/v0/b/saint-seiya-api-accd5.appspot.com/o/athena-saints%2Flepus-arne.jpg?alt=media&token=45196747-0ba6-441d-b125-3e0df59be7dc,6,,
46,40,356,22,7,14,https://firebasestorage.googleapis.com/v0/b/saint-seiya-api-accd5.appspot.com/o/athena-saints%2Fvirgo-shaka.jpg?alt=media&token=9ba9e0df-8a93-4dff-a5af-ff67f495aa97,1,,
47,41,148,22,7,14,https://firebasestorage.googleapis.com/v0/b/saint-seiya-api-accd5.appspot.com/o/athena-saints%2Fgemini-saga.jpg?alt=media&token=da811d72-4f30-4e9e-bf06-b2d798b298d2,1,,
48,42,57,22,6,14,https://firebasestorage.googleapis.com/v0/b/saint-seiya-api-accd5.appspot.com/o/athena-saints%2Fcanes-venatici-asterion.jpg?alt=media&token=4bac8a8b-3bdd-4912-8b63-6284aed1b855,1,,
52,46,,22,2,14,,,,
53,47,61,22,5,14,https://firebasestorage.googleapis.com/v0/b/saint-seiya-api-accd5.appspot.com/o/athena-saints%2Fcarina-atlas.jpg?alt=media&token=a1d81ff7-446e-40ba-b975-0741cc87a9d5,5,,
55,49,26,22,7,14,https://firebasestorage.googleapis.com/v0/b/saint-seiya-api-accd5.appspot.com/o/athena-saints%2Faries-avenir.png?alt=media&token=429cbc6a-550c-47f3-b309-ec4b2b79b785,10,,
56,50,64,22,6,14,https://firebasestorage.googleapis.com/v0/b/saint-seiya-api-accd5.appspot.com/o/athena-saints%2Fcentaurus-babel.jpg?alt=media&token=cb75da1c-fcdf-4ca6-81db-bca9f983672e,1,,
59,53,296,22,6,14,https://firebasestorage.googleapis.com/v0/b/saint-seiya-api-accd5.appspot.com/o/athena-saints%2Freticulum-balazo.jpg?alt=media&token=12c7b687-d6de-49cd-88b2-1d77f58a7afc,,,
61,55,191,22,5,14,https://firebasestorage.googleapis.com/v0/b/saint-seiya-api-accd5.appspot.com/o/athena-saints%2Fleo-minor-ban.jpg?alt=media&token=8cb61139-21c0-4e54-bed3-a9ef2ed94d04,1,,
62,56,54,22,6,14,https://firebasestorage.googleapis.com/v0/b/saint-seiya-api-accd5.appspot.com/o/athena-saints%2Fcamelopardalis-bartsch.jpg?alt=media&token=a3c37426-c82f-4627-9a40-329d44b03364,,,
63,57,49,22,6,14,https://firebasestorage.googleapis.com/v0/b/saint-seiya-api-accd5.appspot.com/o/athena-saints%2Fbootes-bayer.jpg?alt=media&token=269e6573-4cd5-47a2-9471-be5266503e1a,6,,
67,61,78,22,5,14,https://firebasestorage.googleapis.com/v0/b/saint-seiya-api-accd5.appspot.com/o/athena-saints%2Fcoma-berenices-berengue.jpg?alt=media&token=f9585b10-55f5-4161-aae6-e9b400dc8ee0,5,,
68,63,191,22,5,14,,,,
73,69,148,22,7,14,,,,
75,71,18,22,7,14,https://firebasestorage.googleapis.com/v0/b/saint-seiya-api-accd5.appspot.com/o/athena-saints%2Faquarius-camus.jpg?alt=media&token=60b6abdb-d384-461f-9936-d46e5c52be06,1,,
76,71,19,22,9,14,https://firebasestorage.googleapis.com/v0/b/saint-seiya-api-accd5.appspot.com/o/athena-saints%2Faquarius-camus-god.png?alt=media&token=5bd0733d-423e-46d3-bd31-d7e114824e34,5,,
77,72,32,22,6,14,https://firebasestorage.googleapis.com/v0/b/saint-seiya-api-accd5.appspot.com/o/athena-saints%2Fauriga-capella.jpg?alt=media&token=395caf60-29c2-4ab4-9bc7-72829d22801a,1,,
79,74,284,22,7,14,https://firebasestorage.googleapis.com/v0/b/saint-seiya-api-accd5.appspot.com/o/athena-saints%2Fpisces-cardinale.jpg?alt=media&token=076418eb-1ed3-4ab3-9a62-9ea490a286f2,5,,
81,76,388,22,4,14,https://firebasestorage.googleapis.com/v0/b/saint-seiya-api-accd5.appspot.com/o/athena-saints%2Fcassios.jpg?alt=media&token=6005dd39-ebdf-4a73-a236-9707211c1608,5,,
82,77,133,22,5,14,https://firebasestorage.googleapis.com/v0/b/saint-seiya-api-accd5.appspot.com/o/athena-saints%2Fequuleus-celeris.jpg?alt=media&token=69530136-f022-43ab-a66d-7b6485452739,5,,
88,83,86,22,6,14,https://firebasestorage.googleapis.com/v0/b/saint-seiya-api-accd5.appspot.com/o/athena-saints%2Fcrux-christ.jpg?alt=media&token=ddf10893-78fd-46a7-8e85-e4e8c695bf10,5,,
94,89,87,22,,14,https://firebasestorage.googleapis.com/v0/b/saint-seiya-api-accd5.appspot.com/o/athena-saints%2Fcrystal-saint.jpg?alt=media&token=39fb4470-af09-4f12-9fbb-125c50838220,6,,
97,92,172,22,5,14,,,,
99,94,187,22,3,14,https://firebasestorage.googleapis.com/v0/b/saint-seiya-api-accd5.appspot.com/o/athena-saints%2Fland-daichi.jpg?alt=media&token=ecb5062a-54cd-4866-af40-772e807b96ad,,,
100,95,80,22,5,14,https://firebasestorage.googleapis.com/v0/b/saint-seiya-api-accd5.appspot.com/o/athena-saints%2Fcorona-borealis-dali.jpg?alt=media&token=1516a0ee-d0ea-4549-aa3c-c964042c86cb,,,
101,96,66,22,6,14,https://firebasestorage.googleapis.com/v0/b/saint-seiya-api-accd5.appspot.com/o/athena-saints%2Fcerberus-dante.jpg?alt=media&token=2eb501a1-e201-440c-9c5a-bca18f2dbb4f,,,
102,97,55,22,7,14,https://firebasestorage.googleapis.com/v0/b/saint-seiya-api-accd5.appspot.com/o/athena-saints%2Fcancer-deathmask.jpg?alt=media&token=3f6391c1-fb0f-452a-bf16-80fd79f3d895,1,,
103,97,56,22,9,14,,,,
105,98,55,22,7,14,,,,
106,99,148,22,7,14,https://firebasestorage.googleapis.com/v0/b/saint-seiya-api-accd5.appspot.com/o/athena-saints%2Fgemini-saga.jpg?alt=media&token=da811d72-4f30-4e9e-bf06-b2d798b298d2,1,,
107,100,18,22,7,14,https://firebasestorage.googleapis.com/v0/b/saint-seiya-api-accd5.appspot.com/o/athena-saints%2Faquarius-camus.jpg?alt=media&token=60b6abdb-d384-461f-9936-d46e5c52be06,1,,
110,103,235,22,6,14,https://firebasestorage.googleapis.com/v0/b/saint-seiya-api-accd5.appspot.com/o/athena-saints%2Fmusca-dio.jpg?alt=media&token=9d4fd41a-d52d-41ca-91bd-3cc84011a5c6,1,,
112,105,,22,,14,https://firebasestorage.googleapis.com/v0/b/saint-seiya-api-accd5.appspot.com/o/athena-saints%2Fdocrates.jpg?alt=media&token=e7fe0190-11ac-43a8-9e02-02ea1d82736a,6,,
113,106,197,22,7,14,https://firebasestorage.googleapis.com/v0/b/saint-seiya-api-accd5.appspot.com/o/athena-saints%2Flibra-dohko.jpg?alt=media&token=1e82e146-144c-4cac-a45e-55223deead65,1,,
114,106,198,22,9,14,https://firebasestorage.googleapis.com/v0/b/saint-seiya-api-accd5.appspot.com/o/athena-saints%2Flibra-dohko-god.jpg?alt=media&token=5efd0baf-09f8-4637-a6db-f93a202650bb,5,,
115,107,374,22,4,14,,,,
116,108,66,22,6,14,https://firebasestorage.googleapis.com/v0/b/saint-seiya-api-accd5.appspot.com/o/athena-saints%2Fcerberus-dorer.jpg?alt=media&token=11e4d1fb-a5ef-4b1a-bf61-f1faaa3b7973,,,
117,109,351,22,5,14,,,,
125,116,253,22,5,14,https://firebasestorage.googleapis.com/v0/b/saint-seiya-api-accd5.appspot.com/o/athena-saints%2Forion-eden-1.jpg?alt=media&token=bbfcd597-ab60-456c-b5eb-f3bbadf8038d,5,,
126,116,254,22,5,14,https://firebasestorage.googleapis.com/v0/b/saint-seiya-api-accd5.appspot.com/o/athena-saints%2Forion-eden-2.jpg?alt=media&token=5689b112-b98d-404f-a276-d96f6ba9d97e,,,
127,116,390,22,9,14,,,,
130,119,59,22,7,14,https://firebasestorage.googleapis.com/v0/b/saint-seiya-api-accd5.appspot.com/o/athena-saints%2Fcapricorn-shura.jpg?alt=media&token=b923e33e-3da0-4111-81ad-adfed479bbbd,1,,
131,120,63,22,5,14,https://firebasestorage.googleapis.com/v0/b/saint-seiya-api-accd5.appspot.com/o/athena-saints%2Fcassiopeia-elda.png?alt=media&token=6d07b8e8-292f-4b8c-b38e-526e7a4ba76d,4,,
133,122,39,22,3,14,https://firebasestorage.googleapis.com/v0/b/saint-seiya-api-accd5.appspot.com/o/athena-saints%2Femma.png?alt=media&token=e2deab82-53c0-4b2e-9793-d17dce4de3a1,11,,
136,125,307,22,6,14,https://firebasestorage.googleapis.com/v0/b/saint-seiya-api-accd5.appspot.com/o/athena-saints%2Fscutum-ennead.jpg?alt=media&token=b4b96c4b-86e0-4ef3-8e0b-2f79471d0c32,,,
137,126,39,22,3,14,https://firebasestorage.googleapis.com/v0/b/saint-seiya-api-accd5.appspot.com/o/athena-saints%2Ferna.png?alt=media&token=f8c85381-427d-4888-84b6-e740572f48f8,11,,
138,127,305,22,7,14,,,,
147,135,235,22,6,14,https://firebasestorage.googleapis.com/v0/b/saint-seiya-api-accd5.appspot.com/o/athena-saints%2Fmusca-fly.jpg?alt=media&token=01008b7c-9653-4345-b805-4d6565884f72,,,
150,138,336,22,7,14,,,,
153,141,356,22,7,14,https://firebasestorage.googleapis.com/v0/b/saint-seiya-api-accd5.appspot.com/o/athena-saints%2Fvirgo-fudou.jpg?alt=media&token=d8bc559e-632f-4ed5-b9fe-953881871cb8,5,,
154,142,380,22,4,14,,,,
157,145,,22,2,14,,,,
159,147,,22,1,14,,,,
162,150,26,22,7,14,,,,
163,151,151,22,6,14,https://firebasestorage.googleapis.com/v0/b/saint-seiya-api-accd5.appspot.com/o/athena-saints%2Fghosts-master-geist.jpg?alt=media&token=62e3ee90-8828-4698-a31e-6029baeb3818,6,,
164,152,351,22,5,14,https://firebasestorage.googleapis.com/v0/b/saint-seiya-api-accd5.appspot.com/o/athena-saints%2Fursa-major-geki.jpg?alt=media&token=db702307-5d12-40dc-85cb-539ca8894004,1,,
165,153,197,22,7,14,https://firebasestorage.googleapis.com/v0/b/saint-seiya-api-accd5.appspot.com/o/athena-saints%2Flibra-genbu.jpg?alt=media&token=a888079d-c98e-44b8-bd18-803c6b35669a,5,,
166,154,86,22,6,14,,,,
167,155,,22,,14,,,,
169,157,302,22,7,14,,,,
171,159,,22,,14,https://firebasestorage.googleapis.com/v0/b/saint-seiya-api-accd5.appspot.com/o/athena-saints%2Fgigas.png?alt=media&token=16175039-77f1-484c-8310-770b264491f8,,,
172,160,,22,,14,,,,
174,162,77,22,5,14,https://firebasestorage.googleapis.com/v0/b/saint-seiya-api-accd5.appspot.com/o/athena-saints%2Fcolumba-gray.jpg?alt=media&token=914b3ff5-74c0-4d81-b8cb-88293b677c9b,6,,
175,163,315,22,,14,https://firebasestorage.googleapis.com/v0/b/saint-seiya-api-accd5.appspot.com/o/athena-saints%2Fshadow-saint.jpg?alt=media&token=6958fde9-3a38-4c56-93be-d9da20880388,1,,
178,166,,22,,14,,,,
179,167,103,22,5,14,https://firebasestorage.googleapis.com/v0/b/saint-seiya-api-accd5.appspot.com/o/athena-saints%2Fdelphinus-guney.jpg?alt=media&token=653ce0f7-fcdc-4530-a372-b2009f5cbae0,5,,
182,170,24,22,6,14,https://firebasestorage.googleapis.com/v0/b/saint-seiya-api-accd5.appspot.com/o/athena-saints%2Fara-hakurei.jpg?alt=media&token=9e289525-6cc1-4f9a-9936-e2b2471c6703,3,,
184,172,336,22,7,14,https://firebasestorage.googleapis.com/v0/b/saint-seiya-api-accd5.appspot.com/o/athena-saints%2Ftaurus-harbinger.jpg?alt=media&token=9f0412df-dbbf-4fa2-856f-48f94db3d0b4,5,,
185,173,203,22,5,14,https://firebasestorage.googleapis.com/v0/b/saint-seiya-api-accd5.appspot.com/o/athena-saints%2Flupus-haruto-1.jpg?alt=media&token=9295ffd5-1988-4e8d-b4b2-2a6f4005921d,5,,
186,173,204,22,5,14,https://firebasestorage.googleapis.com/v0/b/saint-seiya-api-accd5.appspot.com/o/athena-saints%2Flupus-haruto-2.jpg?alt=media&token=b08e8371-1469-48c2-9b17-bb33b0c218b9,,,
187,173,205,22,9,14,,,,
188,174,336,22,7,14,https://firebasestorage.googleapis.com/v0/b/saint-seiya-api-accd5.appspot.com/o/athena-saints%2Ftaurus-aldebaran.jpg?alt=media&token=0b196a01-14a4-420a-93d4-37b7c2473c69,1,,
196,182,73,22,5,14,https://firebasestorage.googleapis.com/v0/b/saint-seiya-api-accd5.appspot.com/o/athena-saints%2Fcircinus-hooke.jpg?alt=media&token=f480cd14-1a7d-4394-b854-869f1d496d2e,6,,
199,185,18,22,7,14,,,,
200,185,90,22,5,14,https://firebasestorage.googleapis.com/v0/b/saint-seiya-api-accd5.appspot.com/o/athena-saints%2Fcygnus-hyoga-1.jpg?alt=media&token=a3fb0b53-a69f-4621-afd1-a13958dfee19,1,,
201,185,91,22,5,14,,,,
202,185,92,22,5,14,https://firebasestorage.googleapis.com/v0/b/saint-seiya-api-accd5.appspot.com/o/athena-saints%2Fcygnus-hyoga-2.jpg?alt=media&token=8dfe7c8d-d602-4447-8d9a-e3c7f294531c,1,,
203,185,93,22,5,14,https://firebasestorage.googleapis.com/v0/b/saint-seiya-api-accd5.appspot.com/o/athena-saints%2Fcygnus-hyoga-3.jpg?alt=media&token=b6e30fa5-7977-4e63-a9a9-d122736e6d18,1,,
204,185,94,22,9,14,https://firebasestorage.googleapis.com/v0/b/saint-seiya-api-accd5.appspot.com/o/athena-saints%2Fcygnus-hyoga-god.jpg?alt=media&token=87cfd61e-9822-4e51-86a9-22ef551bf4e3,1,,
212,192,172,22,5,14,https://firebasestorage.googleapis.com/v0/b/saint-seiya-api-accd5.appspot.com/o/athena-saints%2Fhydra-ichi.jpg?alt=media&token=6ba5a2d1-c60f-4e64-8144-38866498f855,1,,
213,192,173,22,6,14,https://firebasestorage.googleapis.com/v0/b/saint-seiya-api-accd5.appspot.com/o/athena-saints%2Fhydrus-ichi.jpg?alt=media&token=2bcac7b8-c521-416c-b809-ef824e4f5ffd,5,,
214,193,189,22,9,14,,,,
215,193,278,22,5,14,https://firebasestorage.googleapis.com/v0/b/saint-seiya-api-accd5.appspot.com/o/athena-saints%2Fphoenix-ikki-1.jpg?alt=media&token=dc7c755d-d551-4022-aa4a-6203ca075a1c,1,,
216,193,279,22,5,14,,,,
217,193,280,22,5,14,https://firebasestorage.googleapis.com/v0/b/saint-seiya-api-accd5.appspot.com/o/athena-saints%2Fphoenix-ikki-2.jpg?alt=media&token=0d39f899-b6e3-4f2c-93df-c0034aad9b0f,1,,
218,193,281,22,5,14,https://firebasestorage.googleapis.com/v0/b/saint-seiya-api-accd5.appspot.com/o/athena-saints%2Fphoenix-ikki-3.jpg?alt=media&token=1b6a4611-64ca-48d4-9c6a-7900b1aea0e1,1,,
219,193,282,22,9,14,https://firebasestorage.googleapis.com/v0/b/saint-seiya-api-accd5.appspot.com/o/athena-saints%2Fphoenix-ikki-god.jpg?alt=media&token=def87471-1adb-4b5e-89ec-168a3b2bd1f2,1,,
220,194,189,22,7,14,,,,
222,196,59,22,7,14,https://firebasestorage.googleapis.com/v0/b/saint-seiya-api-accd5.appspot.com/o/athena-saints%2Fcapricornus-ionia.jpg?alt=media&token=12dcc286-5944-40b3-a785-a2bdd7bb2ccc,5,,
223,197,90,22,5,14,https://firebasestorage.googleapis.com/v0/b/saint-seiya-api-accd5.appspot.com/o/athena-saints%2Fcygnus-isaak.jpg?alt=media&token=e0620929-eadf-4807-bcff-cdcf8dc6f491,2,,
226,199,197,22,7,14,,,,
228,201,59,22,7,14,,,,
229,202,228,22,5,14,https://firebasestorage.googleapis.com/v0/b/saint-seiya-api-accd5.appspot.com/o/athena-saints%2Fmonoceros-jabu.jpg?alt=media&token=97ae3fbb-907f-46b7-8836-1f96af804118,1,,
230,203,252,22,6,14,https://firebasestorage.googleapis.com/v0/b/saint-seiya-api-accd5.appspot.com/o/athena-saints%2Forion-jager.jpg?alt=media&token=3143a6d7-62f1-494d-b21e-e782d05a4915,5,,
231,204,,22,2,14,,,,
232,205,82,22,6,14,https://firebasestorage.googleapis.com/v0/b/saint-seiya-api-accd5.appspot.com/o/athena-saints%2Fcorvus-jamian.jpg?alt=media&token=c0ed4a42-169e-42a9-8f5c-e91d53a591cf,1,,
233,206,307,22,6,14,https://firebasestorage.googleapis.com/v0/b/saint-seiya-api-accd5.appspot.com/o/athena-saints%2Fscutum-jan.jpg?alt=media&token=4b064598-c951-4a0e-8007-2a7b743b056b,5,,
234,207,388,22,4,14,,,,
235,208,386,22,5,14,https://firebasestorage.googleapis.com/v0/b/saint-seiya-api-accd5.appspot.com/o/athena-saints%2Flynx-jao.jpg?alt=media&token=3df7928c-6747-4a0b-a886-b1c0b84318c0,5,,
236,210,393,22,4,14,,,,
237,211,82,22,6,14,https://firebasestorage.googleapis.com/v0/b/saint-seiya-api-accd5.appspot.com/o/athena-saints%2Fcorvus-johann.jpg?alt=media&token=f3c73762-8d7e-4df7-96af-a5fc7a0cc7c8,,,
238,212,307,22,6,14,,,,
239,213,376,22,4,14,,,,
241,215,70,22,5,14,https://firebasestorage.googleapis.com/v0/b/saint-seiya-api-accd5.appspot.com/o/athena-saints%2Fchamaeleon-june.jpg?alt=media&token=abb8e39f-b80a-4dff-9206-85a25e4e2002,1,,
242,216,384,22,5,14,,,,
246,220,189,22,7,14,,,,
247,221,148,22,7,14,https://firebasestorage.googleapis.com/v0/b/saint-seiya-api-accd5.appspot.com/o/athena-saints%2Fgemini-saga.jpg?alt=media&token=da811d72-4f30-4e9e-bf06-b2d798b298d2,1,,
249,223,305,22,7,14,https://firebasestorage.googleapis.com/v0/b/saint-seiya-api-accd5.appspot.com/o/athena-saints%2Fscorpio-milo.jpg?alt=media&token=fda28bd2-0ca0-46f9-ba86-2c09a7febd2a,1,,
251,225,81,22,5,14,https://firebasestorage.googleapis.com/v0/b/saint-seiya-api-accd5.appspot.com/o/athena-saints%2Fcorona-borealis-katya.png?alt=media&token=92d30674-88cd-4ce8-84d7-6b057e21e4d9,4,,
252,226,86,22,6,14,https://firebasestorage.googleapis.com/v0/b/saint-seiya-api-accd5.appspot.com/o/athena-saints%2Fcrux-kazuma.jpg?alt=media&token=eabb7cbf-ef36-494e-b3b7-63287114bf75,,,
253,227,391,22,4,14,,,,
255,229,39,22,3,14,https://firebasestorage.googleapis.com/v0/b/saint-seiya-api-accd5.appspot.com/o/athena-saints%2Fkelly.png?alt=media&token=9a2a8ee4-1931-41d2-9aba-6fd17ae40854,11,,
256,230,26,22,7,14,https://firebasestorage.googleapis.com/v0/b/saint-seiya-api-accd5.appspot.com/o/athena-saints%2Faries-kiki.jpg?alt=media&token=9130aa31-880b-4c7c-a601-9e99c4e27e6e,5,,
257,231,133,22,5,14,https://firebasestorage.googleapis.com/v0/b/saint-seiya-api-accd5.appspot.com/o/athena-saints%2Fequuleus-kitalpha.jpg?alt=media&token=26cedfe0-2355-4255-8492-fa5c0594a25a,5,,
259,233,157,22,5,14,https://firebasestorage.googleapis.com/v0/b/saint-seiya-api-accd5.appspot.com/o/athena-saints%2Fgrus-komachi.jpg?alt=media&token=17350980-b72b-465f-ba98-3dab2b37edd1,6,,
260,234,268,22,5,14,https://firebasestorage.googleapis.com/v0/b/saint-seiya-api-accd5.appspot.com/o/athena-saints%2Fpegasus-kouga-1.jpg?alt=media&token=5626bbb5-1684-424c-91a9-5822c583710f,5,,
261,234,269,22,5,14,https://firebasestorage.googleapis.com/v0/b/saint-seiya-api-accd5.appspot.com/o/athena-saints%2Fpegasus-kouga-2.jpg?alt=media&token=a708bd16-c290-43ed-8aaf-afbcb78064ba,5,,
262,234,270,22,9,14,,,,
263,234,271,22,9,14,,,,
264,235,18,22,7,14,,,,
268,238,132,22,5,14,https://firebasestorage.googleapis.com/v0/b/saint-seiya-api-accd5.appspot.com/o/athena-saints%2Fequuleus-kyoko.jpg?alt=media&token=5005ebd9-3967-4f2a-9c1c-8a0d09d43fdd,4,,
269,239,291,22,6,14,https://firebasestorage.googleapis.com/v0/b/saint-seiya-api-accd5.appspot.com/o/athena-saints%2Fpuppis-lacaille.png?alt=media&token=46347a4f-378f-4a50-817f-0e05f7d7d398,5,,
274,243,55,22,7,14,,,,
275,243,56,22,9,14,,,,
278,247,,22,5,14,https://firebasestorage.googleapis.com/v0/b/saint-seiya-api-accd5.appspot.com/o/athena-saints%2Fleda.jpg?alt=media&token=a702c389-fd97-4b02-a2b6-7b57963a3658,,,
279,249,,22,2,14,,,,
280,250,382,22,4,14,,,,
285,256,243,22,5,14,https://firebasestorage.googleapis.com/v0/b/saint-seiya-api-accd5.appspot.com/o/athena-saints%2Fnorma-luciano.jpg?alt=media&token=79f1a9a8-95a7-444e-a593-3c98c60d3e86,6,,
289,260,284,22,7,14,,,,
292,263,55,22,7,14,https://firebasestorage.googleapis.com/v0/b/saint-seiya-api-accd5.appspot.com/o/athena-saints%2Fcancer-deathmask.jpg?alt=media&token=3f6391c1-fb0f-452a-bf16-80fd79f3d895,1,,
295,266,20,22,6,14,https://firebasestorage.googleapis.com/v0/b/saint-seiya-api-accd5.appspot.com/o/athena-saints%2Faquila-marin.jpg?alt=media&token=466dc444-4a88-42ab-a32a-0c2f2c61dbb4,1,,
298,269,301,22,6,14,https://firebasestorage.googleapis.com/v0/b/saint-seiya-api-accd5.appspot.com/o/athena-saints%2Fsagitta-maya.jpg?alt=media&token=0632d9c8-35f7-4721-8665-8c7e0a9367a0,5,,
299,270,259,22,6,14,https://firebasestorage.googleapis.com/v0/b/saint-seiya-api-accd5.appspot.com/o/athena-saints%2Fpavo-mayura.jpg?alt=media&token=d74d09b0-41b7-46c8-985b-6d7f0885373d,4,,
301,272,78,22,5,14,https://firebasestorage.googleapis.com/v0/b/saint-seiya-api-accd5.appspot.com/o/athena-saints%2Fcoma-berenice-mei.jpg?alt=media&token=524b686d-f803-427a-b73d-ac13cb334d76,5,,
302,273,67,22,6,14,https://firebasestorage.googleapis.com/v0/b/saint-seiya-api-accd5.appspot.com/o/athena-saints%2Fcetus-menkar.jpg?alt=media&token=38a0423f-ed0c-4f99-bd1b-57b5c8fe6b94,,,
304,275,52,22,6,14,https://firebasestorage.googleapis.com/v0/b/saint-seiya-api-accd5.appspot.com/o/athena-saints%2Fcaelum-michelangelo.jpg?alt=media&token=06bf3415-483f-4732-9467-23e6f6ec8203,,,
305,276,57,22,6,14,https://firebasestorage.googleapis.com/v0/b/saint-seiya-api-accd5.appspot.com/o/athena-saints%2Fcanes-venatici-miguel.jpg?alt=media&token=c3b31d4c-f241-458b-af5c-fa6541f2c934,6,,
309,279,305,22,7,14,https://firebasestorage.googleapis.com/v0/b/saint-seiya-api-accd5.appspot.com/o/athena-saints%2Fscorpio-milo.jpg?alt=media&token=fda28bd2-0ca0-46f9-ba86-2c09a7febd2a,1,,
310,279,306,22,9,14,,,,
312,281,,22,2,14,,,,
315,284,,22,2,14,,,,
316,285,387,22,5,14,https://firebasestorage.googleapis.com/v0/b/saint-seiya-api-accd5.appspot.com/o/athena-saints%2Flynx-mirapolos.jpg?alt=media&token=39d8b27e-9e31-408f-bc54-4495c33e2202,,,
317,286,273,22,6,14,https://firebasestorage.googleapis.com/v0/b/saint-seiya-api-accd5.appspot.com/o/athena-saints%2Fperseus-mirfak.jpg?alt=media&token=5a63d3f0-53fd-44c3-8450-f81d7503df11,,,
318,287,186,22,6,14,https://firebasestorage.googleapis.com/v0/b/saint-seiya-api-accd5.appspot.com/o/athena-saints%2Flacerta-misty.jpg?alt=media&token=1d3a09de-dfb6-49b1-8391-e4749915f455,1,,
319,288,,22,2,14,,,,
325,295,67,22,6,14,https://firebasestorage.googleapis.com/v0/b/saint-seiya-api-accd5.appspot.com/o/athena-saints%2Fcetus-moses.jpg?alt=media&token=5dd29121-4c0e-4c83-8910-ebf46112a01c,1,,
326,296,26,22,7,14,https://firebasestorage.googleapis.com/v0/b/saint-seiya-api-accd5.appspot.com/o/athena-saints%2Faries-mu.jpg?alt=media&token=a4cee8ba-499d-4fed-9372-1ca5ebbe0482,1,,
327,296,27,22,9,14,https://firebasestorage.googleapis.com/v0/b/saint-seiya-api-accd5.appspot.com/o/athena-saints%2Faries-mu-god.png?alt=media&token=b1d8231b-7ecc-42e2-af1d-1a3d3c97e5a0,5,,
329,298,189,22,7,14,https://firebasestorage.googleapis.com/v0/b/saint-seiya-api-accd5.appspot.com/o/athena-saints%2Fleo-mycenae.jpg?alt=media&token=7bd4003a-a483-4fe9-a1ef-a723f3523014,5,,
330,299,18,22,7,14,,,,
332,301,384,22,5,14,https://firebasestorage.googleapis.com/v0/b/saint-seiya-api-accd5.appspot.com/o/athena-saints%2Flupus-nachi.jpg?alt=media&token=1198861a-723d-4607-b82a-a8b4e031b729,1,,
334,303,6,22,6,14,https://firebasestorage.googleapis.com/v0/b/saint-seiya-api-accd5.appspot.com/o/athena-saints%2Fara-nicole.jpg?alt=media&token=26497e47-4d96-4c19-adb9-43274df41e43,5,,
336,305,344,22,6,14,https://firebasestorage.googleapis.com/v0/b/saint-seiya-api-accd5.appspot.com/o/athena-saints%2Ftriangulum-noesis.jpg?alt=media&token=c6af0e4e-eb33-446c-8584-1c51dbfe03b8,,,
339,312,249,22,6,14,,,,
340,312,250,22,7,14,https://firebasestorage.googleapis.com/v0/b/saint-seiya-api-accd5.appspot.com/o/athena-saints%2Fophiuchus-odysseus.jpg?alt=media&token=3c202d8a-3a9b-4e41-bf6f-e06338f53f58,1,,
342,314,,22,2,14,https://firebasestorage.googleapis.com/v0/b/saint-seiya-api-accd5.appspot.com/o/athena-saints%2Fohko.jpg?alt=media&token=dca45959-9bc4-4cd6-8569-d22150e14e85,,89,
345,317,207,22,6,14,https://firebasestorage.googleapis.com/v0/b/saint-seiya-api-accd5.appspot.com/o/athena-saints%2Flyra-orphee.jpg?alt=media&token=c790c533-87c9-4b90-a2de-049061d38bdd,1,,
346,318,207,22,6,14,https://firebasestorage.googleapis.com/v0/b/saint-seiya-api-accd5.appspot.com/o/athena-saints%2Flyra-orpheus.jpg?alt=media&token=5e043050-f78d-475a-acb7-924644b554e2,5,,
348,320,336,22,7,14,,,,
349,321,,22,2,14,,,,
354,327,17,22,5,14,https://firebasestorage.googleapis.com/v0/b/saint-seiya-api-accd5.appspot.com/o/athena-saints%2Fapus-paradise.png?alt=media&token=9a419052-5352-4c59-a7fb-6047822cf728,,,
355,328,148,22,7,14,https://firebasestorage.googleapis.com/v0/b/saint-seiya-api-accd5.appspot.com/o/athena-saints%2Fgemini-paradox.jpg?alt=media&token=9e92b910-6697-4965-9289-cf1d30034466,5,,
357,329,242,22,,14,https://firebasestorage.googleapis.com/v0/b/saint-seiya-api-accd5.appspot.com/o/athena-saints%2Fnoctua-partita.jpg?alt=media&token=bb76742a-e349-496a-8cfc-1e6cfca24d44,3,,
359,331,,22,,14,https://firebasestorage.googleapis.com/v0/b/saint-seiya-api-accd5.appspot.com/o/athena-saints%2Fphaeton.png?alt=media&token=c937524a-ce7a-49c4-98cb-f2df21fb3434,,,
368,340,258,22,6,14,https://firebasestorage.googleapis.com/v0/b/saint-seiya-api-accd5.appspot.com/o/athena-saints%2Fpavo-pavlin.jpg?alt=media&token=ce981236-dce7-43a0-a107-b7fafe182a06,5,,
372,344,301,22,6,14,https://firebasestorage.googleapis.com/v0/b/saint-seiya-api-accd5.appspot.com/o/athena-saints%2Fsagitta-ptolemy.jpg?alt=media&token=798e8968-bb0a-4f6d-928a-dffe0830fc97,1,,
379,351,null,22,2,14,,,,
380,353,189,22,7,14,https://firebasestorage.googleapis.com/v0/b/saint-seiya-api-accd5.appspot.com/o/athena-saints%2Fleo-aiolia.jpg?alt=media&token=95b5ccea-5597-4ef2-b84e-2d748699b0c0,1,,
381,354,385,22,5,14,https://firebasestorage.googleapis.com/v0/b/saint-seiya-api-accd5.appspot.com/o/athena-saints%2Flynx-retsu.jpg?alt=media&token=dcc5f86f-9748-495f-a574-3650da1ef95a,5,,
386,359,252,22,6,14,,,,
388,360,392,22,4,14,,,,
390,362,261,22,5,14,,,,
393,365,295,22,5,14,https://firebasestorage.googleapis.com/v0/b/saint-seiya-api-accd5.appspot.com/o/athena-saints%2Frangifer-rudolph.jpg?alt=media&token=52803a9a-d592-413b-9bf6-6bb6ab965a9a,6,,
395,367,375,22,4,14,,,,
396,368,293,22,5,14,https://firebasestorage.googleapis.com/v0/b/saint-seiya-api-accd5.appspot.com/o/athena-saints%2Fpyxi-rusk.png?alt=media&token=adb93460-25f6-4668-87ac-076670048c46,5,,
397,369,113,22,5,14,https://firebasestorage.googleapis.com/v0/b/saint-seiya-api-accd5.appspot.com/o/athena-saints%2Fdraco-ryuho-1.jpg?alt=media&token=00c2553b-686a-4466-bfdb-bb59e301ae8b,5,,
398,369,115,22,5,14,https://firebasestorage.googleapis.com/v0/b/saint-seiya-api-accd5.appspot.com/o/athena-saints%2Fdraco-ryuho-2.jpg?alt=media&token=fe6c702f-c0b3-4e0b-83a1-c88c828f423c,5,,
399,369,119,22,9,14,,,,
401,370,148,22,7,14,https://firebasestorage.googleapis.com/v0/b/saint-seiya-api-accd5.appspot.com/o/athena-saints%2Fgemini-saga.jpg?alt=media&token=da811d72-4f30-4e9e-bf06-b2d798b298d2,1,,
402,370,149,22,9,14,,,,
403,371,55,22,7,14,,,,
404,372,null,22,2,14,,,,
405,373,null,22,2,14,,,,
406,374,30,22,9,14,https://firebasestorage.googleapis.com/v0/b/saint-seiya-api-accd5.appspot.com/o/athena-saints%2Fathena-saori.jpg?alt=media&token=21abdb2d-82c1-4c18-8f53-369fe24164b7,1,,
407,375,30,22,9,14,,,,
408,377,55,22,7,14,https://firebasestorage.googleapis.com/v0/b/saint-seiya-api-accd5.appspot.com/o/athena-saints%2Fcancer-schiller.jpg?alt=media&token=9b77a862-3777-4f1b-9c09-c99ef53d45bf,5,,
410,379,260,22,5,14,https://firebasestorage.googleapis.com/v0/b/saint-seiya-api-accd5.appspot.com/o/athena-saints%2Fpegasus-seiya-1.png?alt=media&token=ab7a7436-914d-45c6-931a-cf53f9a74bff,1,,
411,379,261,22,5,14,https://firebasestorage.googleapis.com/v0/b/saint-seiya-api-accd5.appspot.com/o/athena-saints%2Fpegasus-seiya-1.png?alt=media&token=ab7a7436-914d-45c6-931a-cf53f9a74bff,1,,
412,379,262,22,5,14,https://firebasestorage.googleapis.com/v0/b/saint-seiya-api-accd5.appspot.com/o/athena-saints%2Fpegasus-seiya-2.jpg?alt=media&token=1ffb7044-5b35-457b-a0e0-f057d98ea2dd,1,,
413,379,263,22,5,14,https://firebasestorage.googleapis.com/v0/b/saint-seiya-api-accd5.appspot.com/o/athena-saints%2Fpegasus-seiya-3.jpg?alt=media&token=1d5c16a8-dc18-4c10-abe7-4a47d7e88f87,1,,
414,379,264,22,5,14,https://firebasestorage.googleapis.com/v0/b/saint-seiya-api-accd5.appspot.com/o/athena-saints%2Fpegasus-seiya-4.jpg?alt=media&token=84aa5bff-d75c-499f-a3a3-78427fe1b48b,1,,
415,379,265,22,5,14,https://firebasestorage.googleapis.com/v0/b/saint-seiya-api-accd5.appspot.com/o/athena-saints%2Fpegasus-seiya-5.jpg?alt=media&token=e2b0d081-9e0d-4f03-801f-1b39410a2a16,1,,
416,379,266,22,9,14,https://firebasestorage.googleapis.com/v0/b/saint-seiya-api-accd5.appspot.com/o/athena-saints%2Fpegasus-seiya-god.jpg?alt=media&token=cc5cd140-0397-4fa1-a49b-be7c87b26ec5,1,,
417,379,267,22,,14,https://firebasestorage.googleapis.com/v0/b/saint-seiya-api-accd5.appspot.com/o/athena-saints%2Fpegasus-seiya-miracles.jpg?alt=media&token=31550be1-dd01-4e00-b0f0-ee9e2faec693,5,,
419,379,369,22,7,14,https://firebasestorage.googleapis.com/v0/b/saint-seiya-api-accd5.appspot.com/o/athena-saints%2Fsagittarius-seiya-1.jpg?alt=media&token=a76a9123-2dfc-4fe1-8296-7640a69c6f7f,5,,
420,379,370,22,7,14,https://firebasestorage.googleapis.com/v0/b/saint-seiya-api-accd5.appspot.com/o/athena-saints%2Fsagittarius-seiya-2.jpg?alt=media&token=a3de3192-df0d-4f0d-9e44-15b05af07af9,5,,
422,381,356,22,7,14,https://firebasestorage.googleapis.com/v0/b/saint-seiya-api-accd5.appspot.com/o/athena-saints%2Fvirgo-shaka.jpg?alt=media&token=9ba9e0df-8a93-4dff-a5af-ff67f495aa97,1,,
423,381,357,22,9,14,,,,
424,382,301,22,6,14,https://firebasestorage.googleapis.com/v0/b/saint-seiya-api-accd5.appspot.com/o/athena-saints%2Fsagitta-sham.jpg?alt=media&token=ba63c855-a47c-4e10-b673-61398f448411,,,
426,384,null,22,,14,,,,
427,385,356,22,7,14,,,,
428,386,249,22,6,14,https://firebasestorage.googleapis.com/v0/b/saint-seiya-api-accd5.appspot.com/o/athena-saints%2Fophiuchus-shaina.jpg?alt=media&token=7e7e4870-1b15-4a30-bce0-f30828490d20,1,,
429,387,380,22,4,14,,,,
430,388,null,22,2,14,,,,
431,389,26,22,7,14,,,,
432,390,111,22,5,14,https://firebasestorage.googleapis.com/v0/b/saint-seiya-api-accd5.appspot.com/o/athena-saints%2Fdraco-shiryu-1.jpg?alt=media&token=8b135fbb-19b2-485b-b636-52d60bc834b6,1,,
433,390,112,22,5,14,,,,
434,390,114,22,5,14,https://firebasestorage.googleapis.com/v0/b/saint-seiya-api-accd5.appspot.com/o/athena-saints%2Fdraco-shiryu-2.jpg?alt=media&token=29ee4346-5fa6-4a96-adbd-dc8c9e49638c,1,,
435,390,116,22,5,14,https://firebasestorage.googleapis.com/v0/b/saint-seiya-api-accd5.appspot.com/o/athena-saints%2Fdraco-shiryu-3.jpg?alt=media&token=94dc569c-6d44-44ea-82f2-135a1d989abe,1,,
436,390,117,22,5,14,https://firebasestorage.googleapis.com/v0/b/saint-seiya-api-accd5.appspot.com/o/athena-saints%2Fdraco-shiryu-4.jpg?alt=media&token=c5c32e84-534a-441e-9fdc-d0b68a5adf60,1,,
437,390,118,22,9,14,https://firebasestorage.googleapis.com/v0/b/saint-seiya-api-accd5.appspot.com/o/athena-saints%2Fdraco-shiryu-god.jpg?alt=media&token=63f26d8c-22a4-4ac0-a93c-cfd4cef40982,1,,
438,390,197,22,7,14,https://firebasestorage.googleapis.com/v0/b/saint-seiya-api-accd5.appspot.com/o/athena-saints%2Flibra-shiryu.jpg?alt=media&token=29a59c53-3104-4cbd-8be0-9af658c35da5,5,,
439,391,258,22,6,14,https://firebasestorage.googleapis.com/v0/b/saint-seiya-api-accd5.appspot.com/o/athena-saints%2Fpavo-shiva.jpg?alt=media&token=fe374bd4-292b-4587-a7e9-0ccca4adea9b,,,
440,392,318,22,3,14,https://firebasestorage.googleapis.com/v0/b/saint-seiya-api-accd5.appspot.com/o/athena-saints%2Fsky-sho.png?alt=media&token=856c0585-acea-48ac-ab6e-05c495f9f0bb,11,,
441,393,,22,1,14,,,,
442,394,132,22,5,14,https://firebasestorage.googleapis.com/v0/b/saint-seiya-api-accd5.appspot.com/o/athena-saints%2Fequuleus-shoko.png?alt=media&token=4104597e-f66c-4fb8-9f7d-51240e06e575,5,,
443,395,8,22,5,14,https://firebasestorage.googleapis.com/v0/b/saint-seiya-api-accd5.appspot.com/o/athena-saints%2Fandromeda-shun-1.jpg?alt=media&token=8fe02a4d-1148-44b9-8f26-eb98bc3b360d,1,,
444,395,9,22,5,14,,,,
445,395,10,22,5,14,https://firebasestorage.googleapis.com/v0/b/saint-seiya-api-accd5.appspot.com/o/athena-saints%2Fandromeda-shun-2.jpg?alt=media&token=84f45814-7b14-4eff-9911-71475ad9b16e,1,,
446,395,11,22,5,14,https://firebasestorage.googleapis.com/v0/b/saint-seiya-api-accd5.appspot.com/o/athena-saints%2Fandromeda-shun-3.jpg?alt=media&token=d8efab88-16b9-4678-a91e-db368bcdaa71,1,,
447,395,12,22,9,14,https://firebasestorage.googleapis.com/v0/b/saint-seiya-api-accd5.appspot.com/o/athena-saints%2Fandromeda-shun-god.jpg?alt=media&token=4b0a5f00-d43c-40d4-bd7e-112474bd0836,1,,
448,395,356,22,7,14,https://firebasestorage.googleapis.com/v0/b/saint-seiya-api-accd5.appspot.com/o/athena-saints%2Fcapricorn-shura.jpg?alt=media&token=b923e33e-3da0-4111-81ad-adfed479bbbd,1,,
450,396,59,22,9,14,https://firebasestorage.googleapis.com/v0/b/saint-seiya-api-accd5.appspot.com/o/athena-saints%2Fcapricornus-shura.jpg?alt=media&token=6c0ef93b-91a8-451a-be5e-3d288d423fc9,1,,
451,396,60,22,9,14,,,,
456,401,58,22,6,14,https://firebasestorage.googleapis.com/v0/b/saint-seiya-api-accd5.appspot.com/o/athena-saints%2Fcanis-major-sirius.jpg?alt=media&token=8f81ee9a-44ad-4c4c-a37c-44f1ec2e5537,1,,
457,402,302,22,7,14,https://firebasestorage.googleapis.com/v0/b/saint-seiya-api-accd5.appspot.com/o/athena-saints%2Fsagittarius-aiolos.jpg?alt=media&token=968a4b33-f4f0-496a-883d-5ccba20f6d7d,1,,
459,403,305,22,7,14,https://firebasestorage.googleapis.com/v0/b/saint-seiya-api-accd5.appspot.com/o/athena-saints%2Fscorpio-sonia.jpg?alt=media&token=1493ff62-6341-4e12-827e-1477f21a5e8e,5,,
462,406,192,22,5,14,https://firebasestorage.googleapis.com/v0/b/saint-seiya-api-accd5.appspot.com/o/athena-saints%2Fleo-minor-souma-1.jpg?alt=media&token=57614339-9ecd-4d61-bf20-a20f971d42a1,5,,
463,406,193,22,5,14,https://firebasestorage.googleapis.com/v0/b/saint-seiya-api-accd5.appspot.com/o/athena-saints%2Fleo-minor-souma-2.jpg?alt=media&token=ae66cf6d-4595-47c6-b4ed-bdee75dc957c,5,,
464,406,194,22,9,14,,,,
465,407,,22,6,14,https://firebasestorage.googleapis.com/v0/b/saint-seiya-api-accd5.appspot.com/o/athena-saints%2Fspartan.jpg?alt=media&token=c51877a4-bc56-4c9d-bd56-452cbfb0d54d,,,
467,409,110,22,5,14,https://firebasestorage.googleapis.com/v0/b/saint-seiya-api-accd5.appspot.com/o/athena-saints%2Fdorado-spear.jpg?alt=media&token=d4bf5a17-2c09-4561-9e3e-7eea1c2093e3,6,,
468,410,,22,5,14,https://firebasestorage.googleapis.com/v0/b/saint-seiya-api-accd5.appspot.com/o/athena-saints%2Fspica.jpg?alt=media&token=febb4dfd-4069-4039-8e45-ea6d2cad3ef7,5,,
471,413,39,22,3,14,https://firebasestorage.googleapis.com/v0/b/saint-seiya-api-accd5.appspot.com/o/athena-saints%2Fequuleus-subaru-steel.jpg?alt=media&token=a7b42126-54a3-4d0a-915e-e1b6138ebe70,11,,
472,413,134,22,5,14,https://firebasestorage.googleapis.com/v0/b/saint-seiya-api-accd5.appspot.com/o/athena-saints%2Fequuleus-subaru.jpg?alt=media&token=bdf21834-bb2e-40d0-8877-5786a9881331,5,,
474,414,84,22,6,14,https://firebasestorage.googleapis.com/v0/b/saint-seiya-api-accd5.appspot.com/o/athena-saints%2Fcrater-suikyo.jpg?alt=media&token=8190519e-b2f6-46f6-8f32-086630d885f4,1,,
483,423,336,22,7,14,,,,
484,424,261,22,5,14,https://firebasestorage.googleapis.com/v0/b/saint-seiya-api-accd5.appspot.com/o/athena-saints%2Fpegasus-seiya-1.png?alt=media&token=ba95c34a-a330-4edf-8e65-eb0537ba6fcf,1,,
485,424,266,22,9,14,https://firebasestorage.googleapis.com/v0/b/saint-seiya-api-accd5.appspot.com/o/athena-saints%2Fpegasus-seiya-god.jpg?alt=media&token=a60b0340-1e64-4e9f-8a30-04fd42cd81f2,1,,
486,425,,22,2,14,,,,
497,436,166,8,49,14,https://firebasestorage.googleapis.com/v0/b/saint-seiya-api-accd5.appspot.com/o/eris-dryads%2Fhope-toki.png?alt=media&token=64f385ac-d2d5-45da-8e4d-616a733c0fa9,,,
498,437,18,22,9,14,https://firebasestorage.googleapis.com/v0/b/saint-seiya-api-accd5.appspot.com/o/athena-saints%2Faquarius-tokisada.jpg?alt=media&token=f17f5684-ba77-40c6-8fe1-a35a1b6c88b8,5,,
500,437,168,22,6,14,https://firebasestorage.googleapis.com/v0/b/saint-seiya-api-accd5.appspot.com/o/athena-saints%2Fhorologium-tokisada.jpg?alt=media&token=8c6b0197-b3f5-4517-bae8-1a31249c26f5,,,
504,440,30,22,9,14,https://firebasestorage.googleapis.com/v0/b/saint-seiya-api-accd5.appspot.com/o/athena-saints%2Fathena-tomoe.jpg?alt=media&token=0ecffd65-ed2e-4498-8bfa-8cf591dc4a80,2,,
507,443,355,22,6,14,https://firebasestorage.googleapis.com/v0/b/saint-seiya-api-accd5.appspot.com/o/athena-saints%2Fvela-tsubaki.png?alt=media&token=1bafb4fa-937f-4ac4-8de9-21b8dcc53af3,5,,
512,448,214,22,3,14,https://firebasestorage.googleapis.com/v0/b/saint-seiya-api-accd5.appspot.com/o/athena-saints%2Fmarine-ushio.png?alt=media&token=f712823d-56d6-4765-ad26-ca1a127983e9,11,,
522,459,352,22,5,14,https://firebasestorage.googleapis.com/v0/b/saint-seiya-api-accd5.appspot.com/o/athena-saints%2Fursa-minor-xiaoling.png?alt=media&token=1b6d256e-aac4-4460-8ed1-2c6ad290c67c,4,,
523,460,228,22,5,14,https://firebasestorage.googleapis.com/v0/b/saint-seiya-api-accd5.appspot.com/o/athena-saints%2Fmonoceros-yato.jpg?alt=media&token=a3f6d44a-8ade-4972-a4d8-437b741503fb,3,,
527,465,30,22,9,14,https://firebasestorage.googleapis.com/v0/b/saint-seiya-api-accd5.appspot.com/o/athena-saints%2Fathena-yoshino.png?alt=media&token=8285070a-28de-42e9-9a51-7af4e51bc867,2,,
528,466,203,22,5,14,https://firebasestorage.googleapis.com/v0/b/saint-seiya-api-accd5.appspot.com/o/athena-saints%2Flupus-yoshitomi.jpg?alt=media&token=1ed9b746-4710-4480-9015-f4607c175024,,,
530,468,314,22,5,14,https://firebasestorage.googleapis.com/v0/b/saint-seiya-api-accd5.appspot.com/o/athena-saints%2Fsextans-yulij.png?alt=media&token=68612775-b162-4ac4-b04d-2dc4bcbc23dd,5,,
531,469,21,22,5,14,https://firebasestorage.googleapis.com/v0/b/saint-seiya-api-accd5.appspot.com/o/athena-saints%2Faquila-yuna-1.jpg?alt=media&token=6f85cc4d-d98b-46bd-bb57-afe769dd67e7,5,,
532,469,22,22,5,14,https://firebasestorage.googleapis.com/v0/b/saint-seiya-api-accd5.appspot.com/o/athena-saints%2Faquila-yuna-2.jpg?alt=media&token=646c7c30-8d46-47b0-a45a-28b355d149cb,5,,
533,469,23,22,9,14,,,,
534,470,157,22,6,14,https://firebasestorage.googleapis.com/v0/b/saint-seiya-api-accd5.appspot.com/o/athena-saints%2Fgrus-yuzuriha.jpg?alt=media&token=4d34d5fc-ee82-4b8e-bcfe-31ce323e8d43,3,,
535,471,305,22,7,14,,,,
539,476,65,22,6,14,https://firebasestorage.googleapis.com/v0/b/saint-seiya-api-accd5.appspot.com/o/athena-saints%2Fcepheus-daidalos.jpg?alt=media&token=15f40119-c024-413a-8a0b-906bae2236d8,1,,
540,477,378,22,6,14,https://firebasestorage.googleapis.com/v0/b/saint-seiya-api-accd5.appspot.com/o/athena-saints%2Fcepheus-albior.jpg?alt=media&token=b3a0bb05-d0f5-48d1-94a7-cbe48120fb5d,5,,
552,,31,22,6,14,https://firebasestorage.googleapis.com/v0/b/saint-seiya-api-accd5.appspot.com/o/athena-saints%2Fatrium-cloth.png?alt=media&token=0426fd81-8c4b-4173-9a1a-a11b6a32bf68,,,
553,,62,22,6,14,https://firebasestorage.googleapis.com/v0/b/saint-seiya-api-accd5.appspot.com/o/athena-saints%2Fcassiopeia-cloth.png?alt=media&token=9338e395-6505-4be1-80f9-269b528b7060,,,
554,,79,22,5,14,https://firebasestorage.googleapis.com/v0/b/saint-seiya-api-accd5.appspot.com/o/athena-saints%2Fcorona-australis.jpg?alt=media&token=28f5be61-648b-450b-a591-0fb7898e170f,,,
555,,85,22,6,14,https://firebasestorage.googleapis.com/v0/b/saint-seiya-api-accd5.appspot.com/o/athena-saints%2Fcrater-saint.png?alt=media&token=8f852bff-3cef-444e-bc19-83bfef216e08,,,
556,,104,22,5,14,https://firebasestorage.googleapis.com/v0/b/saint-seiya-api-accd5.appspot.com/o/athena-saints%2Fdelphinus-saint.png?alt=media&token=8ba5bd14-96af-46b4-aa8c-f0545a7e0668,11,,
557,,135,22,,14,https://firebasestorage.googleapis.com/v0/b/saint-seiya-api-accd5.appspot.com/o/athena-saints%2Feridanus-saint.jpg?alt=media&token=5dfba97a-fbe7-45e6-93c1-97f24309a5aa,5,,
559,,139,22,6,14,https://firebasestorage.googleapis.com/v0/b/saint-seiya-api-accd5.appspot.com/o/athena-saints%2Ffornax-cloth.png?alt=media&token=3ec7cbfc-e45b-45c6-868d-ff0f68c92a0c,,,
561,,179,22,5,14,https://firebasestorage.googleapis.com/v0/b/saint-seiya-api-accd5.appspot.com/o/athena-saints%2Findus-saint.jpg?alt=media&token=656d2461-e2e7-48e1-9a09-da7e74357ac7,5,,
562,,181,22,,14,https://firebasestorage.googleapis.com/v0/b/saint-seiya-api-accd5.appspot.com/o/athena-saints%2Fjellyfish-saint.png?alt=media&token=8675c609-3dcb-4c73-89d3-ae26cf94d636,11,,
564,,221,22,6,14,https://firebasestorage.googleapis.com/v0/b/saint-seiya-api-accd5.appspot.com/o/athena-saints%2Fmensa-cloth.png?alt=media&token=a42c2a32-6c56-468d-9575-064d47d9b526,,,
569,,244,22,6,14,https://firebasestorage.googleapis.com/v0/b/saint-seiya-api-accd5.appspot.com/o/athena-saints%2Fnu-cloth.png?alt=media&token=fdf1da61-e47c-41b8-8ac5-747d2b8bcba6,,,
570,,251,22,5,14,https://firebasestorage.googleapis.com/v0/b/saint-seiya-api-accd5.appspot.com/o/athena-saints%2Fsilver-oriolus-cloth.jpg?alt=media&token=ebfe79d3-dc88-4bb8-9845-5797a73f6061,,,
571,,286,22,5,14,https://firebasestorage.googleapis.com/v0/b/saint-seiya-api-accd5.appspot.com/o/athena-saints%2Fpiscis-austrinus-cloth.jpg?alt=media&token=cabcea30-cfa3-44c6-b2a1-76fbc1e26062,,,
572,,290,22,5,14,https://firebasestorage.googleapis.com/v0/b/saint-seiya-api-accd5.appspot.com/o/athena-saints%2Fpuppis-cloth.jpg?alt=media&token=bc31c8ec-a268-486c-a018-99b3b3d8072c,,,
573,,292,22,6,14,https://firebasestorage.googleapis.com/v0/b/saint-seiya-api-accd5.appspot.com/o/athena-saints%2Fpyxis-cloth.png?alt=media&token=9797a9c5-7def-4a63-a440-9d60c5720335,,,
574,,311,22,,14,https://firebasestorage.googleapis.com/v0/b/saint-seiya-api-accd5.appspot.com/o/athena-saints%2Fsea-serpent-saint.png?alt=media&token=f5e42cad-0f2a-462e-879d-f2a4d5013c5c,11,,
575,,313,22,5,14,https://firebasestorage.googleapis.com/v0/b/saint-seiya-api-accd5.appspot.com/o/athena-saints%2Fserpens-cloth.jpg?alt=media&token=06f2328c-9bd4-42f4-b017-f7e1cd55d756,,,
576,,347,22,,14,https://firebasestorage.googleapis.com/v0/b/saint-seiya-api-accd5.appspot.com/o/athena-saints%2Ftucana-saint.jpg?alt=media&token=ea0f67c7-30f2-4950-8e02-155ef981931c,3,,
578,,388,22,4,14,,,,
579,307,30,22,9,14,https://firebasestorage.googleapis.com/v0/b/saint-seiya-api-accd5.appspot.com/o/athena-saints%2Fathena-saori.jpg?alt=media&token=21abdb2d-82c1-4c18-8f53-369fe24164b7,1,,
580,311,148,22,7,14,https://firebasestorage.googleapis.com/v0/b/saint-seiya-api-accd5.appspot.com/o/athena-saints%2Fgemini-integra.jpg?alt=media&token=3fe88a89-8770-4a0b-a6e1-252898e576c8,5,,
581,267,24,22,6,14,,,,
51,45,299,8,,15,https://firebasestorage.googleapis.com/v0/b/saint-seiya-api-accd5.appspot.com/o/eris-dryads%2Fruin-ate.jpg?alt=media&token=a16f6799-b783-4321-94ed-1c8ab9c08c1d,,,
104,97,289,8,,15,https://firebasestorage.googleapis.com/v0/b/saint-seiya-api-accd5.appspot.com/o/eris-dryads%2Fpunishment-deathmask.png?alt=media&token=aaeaccd5-2633-4788-8f4e-a67c47bc5680,,,
121,113,7,8,,15,https://firebasestorage.googleapis.com/v0/b/saint-seiya-api-accd5.appspot.com/o/eris-dryads%2Fanarchy-dysnomia.jpg?alt=media&token=40365b2c-1fda-46ca-abe6-742b28240b29,,,
129,118,136,8,9,15,,,,
134,123,210,8,,15,https://firebasestorage.googleapis.com/v0/b/saint-seiya-api-accd5.appspot.com/o/eris-dryads%2Fmalice-emony.jpg?alt=media&token=9f71bd72-b9f4-46c1-ba50-4cee606b8ba1,,,
209,189,123,8,,15,https://firebasestorage.googleapis.com/v0/b/saint-seiya-api-accd5.appspot.com/o/eris-dryads%2Fduel-hysmie.jpg?alt=media&token=e31fa3b5-f836-487b-a119-7d74c00ff384,,,
291,262,209,8,,15,https://firebasestorage.googleapis.com/v0/b/saint-seiya-api-accd5.appspot.com/o/eris-dryads%2Fmadness-mania.png?alt=media&token=bee3ed48-f113-4767-b018-34d9b55c0474,,,
294,265,245,8,,15,https://firebasestorage.googleapis.com/v0/b/saint-seiya-api-accd5.appspot.com/o/eris-dryads%2Foblivion-maria.png?alt=media&token=f757de89-ce31-440e-8c0b-091e22ba68a3,,,
366,338,234,8,,15,https://firebasestorage.googleapis.com/v0/b/saint-seiya-api-accd5.appspot.com/o/eris-dryads%2Fmurder-phonos.png?alt=media&token=74a96c01-f8ea-47a5-ae74-78d1714b86cf,,,
369,341,297,8,,15,https://firebasestorage.googleapis.com/v0/b/saint-seiya-api-accd5.appspot.com/o/eris-dryads%2Frevenge-poena.jpg?alt=media&token=c09d61be-b7d7-44c4-848e-bd160462b1ce,,,
387,359,255,8,49,15,https://firebasestorage.googleapis.com/v0/b/saint-seiya-api-accd5.appspot.com/o/eris-dryads%2Fpain-rigel.png?alt=media&token=171bdb3b-6d07-4e7d-a716-f98055452fd6,,,
529,467,171,8,,15,https://firebasestorage.googleapis.com/v0/b/saint-seiya-api-accd5.appspot.com/o/eris-dryads%2Ffamine-yufa.jpg?alt=media&token=5efb9518-f344-4c3f-ab50-354e36690c39,,,
9,9,146,26,13,16,https://firebasestorage.googleapis.com/v0/b/saint-seiya-api-accd5.appspot.com/o/hades-specters%2Fgaruda-aiacos.jpg?alt=media&token=bbdc55aa-0075-4dd2-935d-7adf03b25950,1,,
26,22,159,26,9,16,,,,
50,44,,26,14,16,https://firebasestorage.googleapis.com/v0/b/saint-seiya-api-accd5.appspot.com/o/hades-specters%2Fatavaka.jpg?alt=media&token=05fbd962-2af6-4da8-be67-c0628ad40819,3,,
72,68,239,26,13,16,https://firebasestorage.googleapis.com/v0/b/saint-seiya-api-accd5.appspot.com/o/hades-specters%2Fnecromancer-byaku.png?alt=media&token=3bb93045-c479-4c7f-b3dc-095833be02e2,3,,
84,79,1,26,13,16,https://firebasestorage.googleapis.com/v0/b/saint-seiya-api-accd5.appspot.com/o/hades-specters%2Facheron-charon.jpg?alt=media&token=ab7c400c-926c-4216-abab-3777a3a7c3bd,1,,
85,80,53,26,14,16,https://firebasestorage.googleapis.com/v0/b/saint-seiya-api-accd5.appspot.com/o/hades-specters%2Fcat-sith-cheshire.jpg?alt=media&token=634f8499-3bb7-49e9-9f2f-eb8b8c94e740,3,,
87,82,68,26,13,16,https://firebasestorage.googleapis.com/v0/b/saint-seiya-api-accd5.appspot.com/o/hades-specters%2Fcetus-chris.jpg?alt=media&token=04f7cb61-9da9-4dfe-8b04-29e420a4d8b8,6,,
95,90,124,26,14,16,https://firebasestorage.googleapis.com/v0/b/saint-seiya-api-accd5.appspot.com/o/hades-specters%2Fdullahan-cube.jpg?alt=media&token=999597f5-eaaa-4e83-ac9b-d4324e023b94,3,,
96,91,,26,13,16,https://firebasestorage.googleapis.com/v0/b/saint-seiya-api-accd5.appspot.com/o/hades-specters%2Fcurly.jpg?alt=media&token=e09846b0-ae04-489e-832a-2f2912175d9f,,,
118,110,,9,,16,https://firebasestorage.googleapis.com/v0/b/saint-seiya-api-accd5.appspot.com/o/hades-faceless%2Fdragon.png?alt=media&token=00ae3b8c-869c-45a7-bcac-7a7a9d2339d9,2,,
122,114,354,26,13,16,https://firebasestorage.googleapis.com/v0/b/saint-seiya-api-accd5.appspot.com/o/hades-specters%2Fvampire-erhart.jpg?alt=media&token=2a342910-4fd4-424e-b27c-665495347d09,6,,
128,117,332,26,14,16,https://firebasestorage.googleapis.com/v0/b/saint-seiya-api-accd5.appspot.com/o/hades-specters%2Fsylph-edward.jpg?alt=media&token=71c6dad7-c831-410f-bfac-d0c63368d836,3,,
155,143,211,26,13,16,https://firebasestorage.googleapis.com/v0/b/saint-seiya-api-accd5.appspot.com/o/hades-specters%2Fmandrake-fyodor.jpg?alt=media&token=d9bc80ca-440e-4776-8c3e-f75808499534,3,,
168,156,,26,14,16,https://firebasestorage.googleapis.com/v0/b/saint-seiya-api-accd5.appspot.com/o/hades-specters%2Fgerald.jpg?alt=media&token=177e8cfc-3def-417b-a2fc-a13e57f4d35f,5,,
170,158,89,26,14,16,https://firebasestorage.googleapis.com/v0/b/saint-seiya-api-accd5.appspot.com/o/hades-specters%2Fcyclops-gigant.jpg?alt=media&token=a1e3b0ab-8559-42be-bcb6-ddb4b8aaad05,1,,
173,161,226,26,13,16,https://firebasestorage.googleapis.com/v0/b/saint-seiya-api-accd5.appspot.com/o/hades-specters%2Fminotauros-gordon.jpg?alt=media&token=c4dd0d05-a6d1-4e26-8b0c-fbf0f569546e,1,,
176,164,150,26,13,16,https://firebasestorage.googleapis.com/v0/b/saint-seiya-api-accd5.appspot.com/o/hades-specters%2Fgenbu-gregor.jpg?alt=media&token=8035b8b6-f3ae-4832-b647-97bc2495a99c,3,,
180,168,159,26,9,16,https://firebasestorage.googleapis.com/v0/b/saint-seiya-api-accd5.appspot.com/o/hades-specters%2Fhades.jpg?alt=media&token=dd7176b9-60a0-48f0-8fd4-32e1abb96ea8,1,,
208,188,174,26,9,16,https://firebasestorage.googleapis.com/v0/b/saint-seiya-api-accd5.appspot.com/o/hades-specters%2Fhypnos.jpg?alt=media&token=a4ca1668-26e7-49cd-a342-56246b0de012,1,,
211,191,176,26,9,16,https://firebasestorage.googleapis.com/v0/b/saint-seiya-api-accd5.appspot.com/o/hades-specters%2Fillusion-icelus.jpg?alt=media&token=2788042f-082d-4f09-980a-512751d34d7e,3,,
225,198,,26,14,16,https://firebasestorage.googleapis.com/v0/b/saint-seiya-api-accd5.appspot.com/o/hades-specters%2Fisolde.jpg?alt=media&token=20eb678d-d813-49a4-a9e0-f787d1a9d868,6,,
227,200,346,26,13,16,https://firebasestorage.googleapis.com/v0/b/saint-seiya-api-accd5.appspot.com/o/hades-specters%2Ftroll-ivan.jpg?alt=media&token=f276d229-2bf1-4708-8439-cb2844219679,1,,
243,217,46,26,13,16,https://firebasestorage.googleapis.com/v0/b/saint-seiya-api-accd5.appspot.com/o/hades-specters%2Fbennu-kagaho-v1.jpg?alt=media&token=7cac5ba1-f5f8-47e3-8b18-e8a07acee901,3,,
244,218,,26,14,16,https://firebasestorage.googleapis.com/v0/b/saint-seiya-api-accd5.appspot.com/o/hades-specters%2Fkageboshi.jpg?alt=media&token=87a164c5-25c8-4649-9cb8-9d06f58e4b6f,6,,
254,228,182,26,9,16,https://firebasestorage.googleapis.com/v0/b/saint-seiya-api-accd5.appspot.com/o/hades-specters%2Fker.jpg?alt=media&token=82a50958-6bc1-4d89-8360-c0e1e6a3f1d5,1,,
271,241,365,26,14,16,https://firebasestorage.googleapis.com/v0/b/saint-seiya-api-accd5.appspot.com/o/hades-specters%2Fworm-laimi.jpg?alt=media&token=1c588738-0f57-4f46-9950-e7cf1b6c5fd3,1,,
276,245,,26,13,16,https://firebasestorage.googleapis.com/v0/b/saint-seiya-api-accd5.appspot.com/o/hades-specters%2Flarry.jpg?alt=media&token=10f998b0-e475-449d-8d50-11323bd16765,,,
281,251,350,26,14,16,https://firebasestorage.googleapis.com/v0/b/saint-seiya-api-accd5.appspot.com/o/hades-specters%2Fupyr-leybold.jpg?alt=media&token=f6dc3064-1dc5-4182-b097-f18827ebda23,6,,
287,258,121,26,13,16,https://firebasestorage.googleapis.com/v0/b/saint-seiya-api-accd5.appspot.com/o/hades-specters%2Fdryad-luco.jpg?alt=media&token=710a32d6-24cb-4a77-9ef3-f40568279f53,3,,
290,261,36,26,13,16,https://firebasestorage.googleapis.com/v0/b/saint-seiya-api-accd5.appspot.com/o/hades-specters%2Fbalron-lune.jpg?alt=media&token=e0891378-bba3-4bae-9051-cdaa71929274,1,,
297,268,317,26,1,16,https://firebasestorage.googleapis.com/v0/b/saint-seiya-api-accd5.appspot.com/o/hades-specters%2Fskeleton-markino.jpg?alt=media&token=78f09169-82ca-424d-b4ed-5ffaf01c38c8,1,,
308,278,131,26,14,16,https://firebasestorage.googleapis.com/v0/b/saint-seiya-api-accd5.appspot.com/o/hades-specters%2Felf-mills.jpg?alt=media&token=c002f09f-fb40-4aa6-84b5-cd6f054e7ff9,7,,
313,282,156,26,13,16,https://firebasestorage.googleapis.com/v0/b/saint-seiya-api-accd5.appspot.com/o/hades-specters%2Fgriffon-minos.jpg?alt=media&token=78ae77a3-c436-4e83-bff8-67be6c8440ca,1,,
320,290,141,26,14,16,,,,
323,293,,26,13,16,https://firebasestorage.googleapis.com/v0/b/saint-seiya-api-accd5.appspot.com/o/hades-specters%2Fmoe.jpg?alt=media&token=24095737-ce2b-45dd-a297-cf04bb5a5606,6,,
324,294,232,26,9,16,https://firebasestorage.googleapis.com/v0/b/saint-seiya-api-accd5.appspot.com/o/hades-specters%2Fmodeler-morpheus.jpg?alt=media&token=9f3c6031-f9b8-4aa6-bae8-e0cc019586b6,3,,
331,300,257,26,14,16,https://firebasestorage.googleapis.com/v0/b/saint-seiya-api-accd5.appspot.com/o/hades-specters%2Fpapillon-myu.jpg?alt=media&token=19f545f4-5e78-476b-8ec4-f74d7103a4ae,1,,
335,304,102,26,14,16,https://firebasestorage.googleapis.com/v0/b/saint-seiya-api-accd5.appspot.com/o/hades-specters%2Fpapillon-myu.jpg?alt=media&token=19f545f4-5e78-476b-8ec4-f74d7103a4ae,1,,
338,310,153,26,14,16,https://firebasestorage.googleapis.com/v0/b/saint-seiya-api-accd5.appspot.com/o/hades-specters%2Fgorgon-ochs.jpg?alt=media&token=9a4c8e12-660a-45f8-9346-f5894f5451c1,6,,
343,315,248,26,9,16,https://firebasestorage.googleapis.com/v0/b/saint-seiya-api-accd5.appspot.com/o/hades-specters%2Fdream-oneiros.jpg?alt=media&token=be1d286d-294b-4c74-a1d6-2b051d5747e3,3,,
352,325,,26,31,16,https://firebasestorage.googleapis.com/v0/b/saint-seiya-api-accd5.appspot.com/o/hades-specters%2Fpandora-heinstein.jpg?alt=media&token=59817939-8524-4306-b499-bb294eff8d5b,3,,
358,330,272,26,9,16,https://firebasestorage.googleapis.com/v0/b/saint-seiya-api-accd5.appspot.com/o/hades-specters%2Fpersefone.png?alt=media&token=b8167515-4843-4c87-a634-abf95ce21dae,13,,
360,332,275,26,9,16,https://firebasestorage.googleapis.com/v0/b/saint-seiya-api-accd5.appspot.com/o/hades-specters%2Fportrayer-phantasos.jpg?alt=media&token=e3751e16-80cd-43d7-aaf0-3c2a2a1b9f07,3,,
361,333,324,26,13,16,https://firebasestorage.googleapis.com/v0/b/saint-seiya-api-accd5.appspot.com/o/hades-specters%2Fsphinx-pharaoh.jpg?alt=media&token=37368b44-fcb5-40f0-9330-f60e7b4263ce,1,,
362,334,206,26,13,16,https://firebasestorage.googleapis.com/v0/b/saint-seiya-api-accd5.appspot.com/o/hades-specters%2Flycaon-phlegyas.jpg?alt=media&token=4b4d920a-0386-419f-b3ce-16fce50dc8c3,1,,
363,335,277,26,9,16,https://firebasestorage.googleapis.com/v0/b/saint-seiya-api-accd5.appspot.com/o/hades-specters%2Fphobetor.png?alt=media&token=524d4467-cffd-4484-8a36-42245a5f7941,5,,
374,346,,9,,16,https://firebasestorage.googleapis.com/v0/b/saint-seiya-api-accd5.appspot.com/o/hades-faceless%2Fpyromaniac.jpg?alt=media&token=2643b6eb-3ce6-4fb7-9cc2-e545ea02d21e,2,,
375,347,5,26,13,16,https://firebasestorage.googleapis.com/v0/b/saint-seiya-api-accd5.appspot.com/o/hades-specters%2Falraune-queen.jpg?alt=media&token=6b62e7b4-71ff-4d5b-a6a5-8187b203785a,1,,
382,355,366,26,13,16,https://firebasestorage.googleapis.com/v0/b/saint-seiya-api-accd5.appspot.com/o/hades-specters%2Fwyvern-rhadamanthys-1.jpg?alt=media&token=7e106897-2e9a-4eac-8b63-218dd94dee7e,1,,
389,361,152,26,13,16,https://firebasestorage.googleapis.com/v0/b/saint-seiya-api-accd5.appspot.com/o/hades-specters%2Fgolem-rock.jpg?alt=media&token=7d0fcac7-2908-4021-abf9-ded2f69503d4,1,,
449,396,38,26,,16,https://firebasestorage.googleapis.com/v0/b/saint-seiya-api-accd5.appspot.com/o/hades-specters%2Fbaphomet-shura.png?alt=media&token=e40da7f3-8c2e-4ad0-a61c-5d1f593c145f,,,
461,405,,9,,16,https://firebasestorage.googleapis.com/v0/b/saint-seiya-api-accd5.appspot.com/o/hades-faceless%2Fsoul-reaper.jpg?alt=media&token=3f9e516f-cc8d-4abd-8c06-0a6109e21d28,2,,
469,411,97,26,13,16,https://firebasestorage.googleapis.com/v0/b/saint-seiya-api-accd5.appspot.com/o/hades-specters%2Fdeadly-beetle-stand.jpg?alt=media&token=78fc1f0b-4819-4786-97cc-5432ffb655e2,1,,
470,412,,26,13,16,https://firebasestorage.googleapis.com/v0/b/saint-seiya-api-accd5.appspot.com/o/hades-specters%2Fsteven.jpg?alt=media&token=5c5c1ddb-6c23-43d8-96b8-940ef6d362c0,,,
475,414,146,26,13,16,https://firebasestorage.googleapis.com/v0/b/saint-seiya-api-accd5.appspot.com/o/hades-specters%2Fgaruda-aiacos.jpg?alt=media&token=bbdc55aa-0075-4dd2-935d-7adf03b25950,1,,
479,418,40,26,13,16,https://firebasestorage.googleapis.com/v0/b/saint-seiya-api-accd5.appspot.com/o/hades-specters%2Fbasilisk-sylphid.jpg?alt=media&token=e62a3145-3fb3-4a3f-8abc-cd0247091a80,1,,
488,427,339,26,9,16,https://firebasestorage.googleapis.com/v0/b/saint-seiya-api-accd5.appspot.com/o/hades-specters%2Fthanatos.jpg?alt=media&token=ca5d89c0-4a57-413b-a49a-806d073aca7d,1,,
501,438,163,26,13,16,https://firebasestorage.googleapis.com/v0/b/saint-seiya-api-accd5.appspot.com/o/hades-specters%2Fhanuman-tokusa.jpg?alt=media&token=43a25789-4d87-498e-a4b1-9ab0ecee63f8,3,,
513,449,164,26,13,16,https://firebasestorage.googleapis.com/v0/b/saint-seiya-api-accd5.appspot.com/o/hades-specters%2Fharpy-valentine.jpg?alt=media&token=2a43ff09-90d6-4d81-90d2-88fbef960ede,1,,
515,451,156,26,13,16,https://firebasestorage.googleapis.com/v0/b/saint-seiya-api-accd5.appspot.com/o/hades-specters%2Fgriffon-minos.jpg?alt=media&token=78ae77a3-c436-4e83-bff8-67be6c8440ca,1,,
516,452,238,26,13,16,https://firebasestorage.googleapis.com/v0/b/saint-seiya-api-accd5.appspot.com/o/hades-specters%2Fnasu-veronica.jpg?alt=media&token=806b22fa-f549-4faf-9f3b-2885a1f9ac37,3,,
517,453,44,26,13,16,https://firebasestorage.googleapis.com/v0/b/saint-seiya-api-accd5.appspot.com/o/hades-specters%2Fbehemoth-violate.jpg?alt=media&token=1a2e407a-b7a3-48ba-b238-aa7f316a589f,3,,
519,456,,9,,16,https://firebasestorage.googleapis.com/v0/b/saint-seiya-api-accd5.appspot.com/o/hades-faceless%2Fwadatsumi.jpg?alt=media&token=e0832651-0fbe-419d-81c6-052fad9b676e,2,,
521,458,41,26,14,16,https://firebasestorage.googleapis.com/v0/b/saint-seiya-api-accd5.appspot.com/o/hades-specters%2Fbat-wimber.jpg?alt=media&token=fac0e41e-cc17-42bb-9486-f2d06969e9a4,3,,
525,463,222,26,13,16,https://firebasestorage.googleapis.com/v0/b/saint-seiya-api-accd5.appspot.com/o/hades-specters%2Fmephistopheles-yoma.jpg?alt=media&token=2b62bca8-ed0d-413f-b19c-e39905930746,3,,
536,472,141,26,14,16,https://firebasestorage.googleapis.com/v0/b/saint-seiya-api-accd5.appspot.com/o/hades-specters%2Ffrog-zelos.jpg?alt=media&token=6714056b-5916-40e4-981e-6ec723e6418a,1,,
541,479,98,26,14,16,https://firebasestorage.googleapis.com/v0/b/saint-seiya-api-accd5.appspot.com/o/hades-specters%2Fdeadly-harlequin-kafka.jpg?alt=media&token=caf20fda-fa74-4c7f-bf5c-0a71815e2358,6,,
558,,137,26,,16,https://firebasestorage.googleapis.com/v0/b/saint-seiya-api-accd5.appspot.com/o/hades-specters%2Fexecutioner-surplice.png?alt=media&token=926be8b2-b637-4967-aaf2-feba1f555045,5,,
560,,144,26,,16,https://firebasestorage.googleapis.com/v0/b/saint-seiya-api-accd5.appspot.com/o/hades-specters%2Fgargoyle-surplice.jpg?alt=media&token=25d69bde-83ee-4cd7-9344-f12b8e5e21d1,1,,
563,,188,26,,16,https://firebasestorage.googleapis.com/v0/b/saint-seiya-api-accd5.appspot.com/o/hades-specters%2Fleech-surplice.png?alt=media&token=3485f89d-2297-4953-9fa2-fc29a31b9cd5,5,,
565,,230,26,,16,https://firebasestorage.googleapis.com/v0/b/saint-seiya-api-accd5.appspot.com/o/hades-specters%2Fmorax-surplice.png?alt=media&token=b4f4b454-78f7-437e-8581-e9a55cac6650,5,,
144,132,48,26,2,23,https://firebasestorage.googleapis.com/v0/b/saint-seiya-api-accd5.appspot.com/o/hades-specters%2Fblack-terror-felser.jpg?alt=media&token=91bc6640-017d-41ae-baa1-409a787fcef9,12,,
58,52,310,16,18,25,https://firebasestorage.googleapis.com/v0/b/saint-seiya-api-accd5.appspot.com/o/poseidon-mariners%2Fsea-horse-baian.jpg?alt=media&token=c599e6fc-23b9-467f-bce6-2cb840499288,1,,
221,195,308,16,18,25,https://firebasestorage.googleapis.com/v0/b/saint-seiya-api-accd5.appspot.com/o/poseidon-mariners%2Fscylla-io.jpg?alt=media&token=c390c0c1-b94e-4666-9504-f7911113c2f3,1,,
224,197,184,16,18,25,https://firebasestorage.googleapis.com/v0/b/saint-seiya-api-accd5.appspot.com/o/poseidon-mariners%2Fkraken-isaak.jpg?alt=media&token=e51be84c-3300-4181-93ca-d2a54fa84ecf,1,,
240,214,288,16,9,25,https://firebasestorage.googleapis.com/v0/b/saint-seiya-api-accd5.appspot.com/o/poseidon-mariners%2Fposeidon-julian.jpg?alt=media&token=0543658e-cf52-4961-ab3e-8d8349703444,1,,
248,221,309,16,18,25,https://firebasestorage.googleapis.com/v0/b/saint-seiya-api-accd5.appspot.com/o/poseidon-mariners%2Fsea-dragon-kanon.jpg?alt=media&token=866bee36-0ea8-43aa-8590-dfad9a553451,1,,
250,224,208,16,18,25,https://firebasestorage.googleapis.com/v0/b/saint-seiya-api-accd5.appspot.com/o/poseidon-mariners%2Flyumnades-kasa.jpg?alt=media&token=91e5cfd0-14aa-43ec-b13d-e2559a4d4349,1,,
266,236,72,16,18,25,https://firebasestorage.googleapis.com/v0/b/saint-seiya-api-accd5.appspot.com/o/poseidon-mariners%2Fchrysaor-krishna.jpg?alt=media&token=d60985c0-1239-4b46-98c6-bd87868fba92,1,,
296,,215,16,1,25,https://firebasestorage.googleapis.com/v0/b/saint-seiya-api-accd5.appspot.com/o/poseidon-mariners%2Fmariner-soldiers.jpg?alt=media&token=a149668a-6459-49dc-9c4e-e672f703a8c9,,,
421,380,288,16,9,25,https://firebasestorage.googleapis.com/v0/b/saint-seiya-api-accd5.appspot.com/o/poseidon-mariners%2Fposeidon-seraphina.jpg?alt=media&token=b1bac33d-d717-4934-9df4-dba43b79360d,3,,
460,404,316,16,18,25,https://firebasestorage.googleapis.com/v0/b/saint-seiya-api-accd5.appspot.com/o/poseidon-mariners%2Fsiren-sorrento.jpg?alt=media&token=32a7cb8f-dce3-440f-b87a-d56765bdb287,1,,
493,432,224,16,,25,https://firebasestorage.googleapis.com/v0/b/saint-seiya-api-accd5.appspot.com/o/poseidon-mariners%2Fmermaid-thetis.jpg?alt=media&token=da1aeb3c-7fb7-4569-bb58-22bb76d46db7,1,,
510,446,309,16,18,25,https://firebasestorage.googleapis.com/v0/b/saint-seiya-api-accd5.appspot.com/o/poseidon-mariners%2Fsea-dragon-unity.png?alt=media&token=7ecb7dbf-8cf4-4a73-ba10-b07e0dc60972,,,
4,4,330,20,32,26,https://firebasestorage.googleapis.com/v0/b/saint-seiya-api-accd5.appspot.com/o/pallas-pallasites%2Fgraviton-aegaeon.jpg?alt=media&token=5f5c3f49-e0b3-47e7-abd3-0f9007bae575,,,
5,5,147,20,33,26,https://firebasestorage.googleapis.com/v0/b/saint-seiya-api-accd5.appspot.com/o/pallas-pallasites%2Fgauntlet-phantom-arm%20aegir-1.jpg?alt=media&token=b56f32c2-b3fa-4eb2-9bf7-5341152a4a5b,,,
98,93,99,20,34,26,https://firebasestorage.googleapis.com/v0/b/saint-seiya-api-accd5.appspot.com/o/pallas-pallasites%2Fdeadly-scythe-soul-killer-cyllene.jpg?alt=media&token=fa0ebfb2-7c8c-4b7f-88b3-aec246dc1443,,,
111,104,364,20,33,26,https://firebasestorage.googleapis.com/v0/b/saint-seiya-api-accd5.appspot.com/o/pallas-pallasites%2Fwhip-snake-plasma-dione.jpg?alt=media&token=5b5f91dc-2510-40e9-8660-aac8089355ca,,,
124,116,76,20,34,26,https://firebasestorage.googleapis.com/v0/b/saint-seiya-api-accd5.appspot.com/o/pallas-pallasites%2Fclub-impulse-mace-eden.jpg?alt=media&token=0869f6c8-357a-47ef-9728-3d30dc065dc8,,,
139,128,69,20,33,26,https://firebasestorage.googleapis.com/v0/b/saint-seiya-api-accd5.appspot.com/o/pallas-pallasites%2Fchakram-slash-reaper-europe-1.jpg?alt=media&token=98998cf3-3f62-4945-a36e-7c61eaa8156c,,,
140,128,377,20,32,26,https://firebasestorage.googleapis.com/v0/b/saint-seiya-api-accd5.appspot.com/o/pallas-pallasites%2Fchakram-slash-reaper-europe-2.jpg?alt=media&token=9f4f461b-c4c8-4509-a7c0-60e675b000e2,,,
158,146,331,20,32,26,https://firebasestorage.googleapis.com/v0/b/saint-seiya-api-accd5.appspot.com/o/pallas-pallasites%2Fphoton-gallia.jpg?alt=media&token=398e6aa1-93a1-48e1-b412-6a8205c9c044,,,
177,165,100,20,34,26,https://firebasestorage.googleapis.com/v0/b/saint-seiya-api-accd5.appspot.com/o/pallas-pallasites%2Fdeadly-scythe-soul-killer-greip.jpg?alt=media&token=8062675f-0164-48dd-96bd-879bce13afcd,,,
183,171,345,20,34,26,https://firebasestorage.googleapis.com/v0/b/saint-seiya-api-accd5.appspot.com/o/pallas-pallasites%2Ftriple-rod-halimede.jpg?alt=media&token=2f1bc805-1cc0-4d97-948a-ead1c105344a,,,
189,175,95,20,34,26,https://firebasestorage.googleapis.com/v0/b/saint-seiya-api-accd5.appspot.com/o/pallas-pallasites%2Fdaggers-hati.jpg?alt=media&token=f04483ff-4fbc-42b8-9ae3-474ffc590c66,,,
207,187,329,20,32,26,https://firebasestorage.googleapis.com/v0/b/saint-seiya-api-accd5.appspot.com/o/pallas-pallasites%2Fdestruction-hyperion.jpg?alt=media&token=7aa0e0b5-a34c-4dab-9910-a70e255302e9,,,
283,253,50,20,34,26,https://firebasestorage.googleapis.com/v0/b/saint-seiya-api-accd5.appspot.com/o/pallas-pallasites%2Fspear-brionac-loge.jpg?alt=media&token=7504468a-40a7-499e-bc4d-f449c84a893f,,,
303,274,74,20,34,26,https://firebasestorage.googleapis.com/v0/b/saint-seiya-api-accd5.appspot.com/o/pallas-pallasites%2Fclaw-max-brilliants-methone-1.jpg?alt=media&token=4254343d-9a97-4fef-8520-2c8c85d1886a,,,
306,277,2,20,32,26,https://firebasestorage.googleapis.com/v0/b/saint-seiya-api-accd5.appspot.com/o/pallas-pallasites%2Falchemy-glove-miller-1.jpg?alt=media&token=c44c9e99-afe0-463c-b373-d11f0645861f,,,
307,277,372,20,,26,https://firebasestorage.googleapis.com/v0/b/saint-seiya-api-accd5.appspot.com/o/pallas-pallasites%2Falchemy-glove-miller-2.jpg?alt=media&token=24ca0136-acb5-4a28-8ef7-0b7e9b4629de,,,
351,323,256,20,9,26,https://firebasestorage.googleapis.com/v0/b/saint-seiya-api-accd5.appspot.com/o/pallas-pallasites%2Fpallas.jpg?alt=media&token=244caed9-14ac-4c9a-a115-29c2e59dd7c2,,,
356,328,326,20,33,26,https://firebasestorage.googleapis.com/v0/b/saint-seiya-api-accd5.appspot.com/o/pallas-pallasites%2Fstaff-scarlet-janus-paradox.jpg?alt=media&token=8490dcbe-e2ba-4a53-bade-d9d690a63073,,,
384,357,142,20,33,26,https://firebasestorage.googleapis.com/v0/b/saint-seiya-api-accd5.appspot.com/o/pallas-pallasites%2Fperfect-pawn-rhea.jpg?alt=media&token=e86a13dc-ff9a-4dca-aa8e-9eeb2cf3a0b2,,,
476,415,236,20,33,26,https://firebasestorage.googleapis.com/v0/b/saint-seiya-api-accd5.appspot.com/o/pallas-pallasites%2Fmystic-stone-surt.jpg?alt=media&token=45fb232c-baa8-4386-b73d-4ebd87b3a582,,,
482,421,231,20,34,26,https://firebasestorage.googleapis.com/v0/b/saint-seiya-api-accd5.appspot.com/o/pallas-pallasites%2Fmorgenstern-star-crusher-tarvos-1.jpg?alt=media&token=987a1a43-b2e5-48a3-954e-982d4ef9a2c5,,,
489,428,162,20,34,26,https://firebasestorage.googleapis.com/v0/b/saint-seiya-api-accd5.appspot.com/o/pallas-pallasites%2Fhammer-demon-impact%20-thebe.jpg?alt=media&token=a9108a22-9981-4b89-af03-0a9daa001c78,,,
495,434,328,20,32,26,https://firebasestorage.googleapis.com/v0/b/saint-seiya-api-accd5.appspot.com/o/pallas-pallasites%2Fgenesis-titan.jpg?alt=media&token=480ab554-15de-4d66-9bb8-4d3e0cdc6e30,,,
499,437,101,20,33,26,https://firebasestorage.googleapis.com/v0/b/saint-seiya-api-accd5.appspot.com/o/pallas-pallasites%2Fdeathwatch-tokisada.jpg?alt=media&token=d9ffaa1c-6c9a-4c88-9342-d3be2ecb477d,,,
524,462,75,20,34,26,https://firebasestorage.googleapis.com/v0/b/saint-seiya-api-accd5.appspot.com/o/pallas-pallasites%2Fclaw-max-brilliants-ymir.jpg?alt=media&token=996d9065-6779-4e9a-a2ba-53f55db8f3ae,,,
542,,394,20,1,26,https://firebasestorage.googleapis.com/v0/b/saint-seiya-api-accd5.appspot.com/o/pallas-pallasites%2Fpallasites-soldiers-green.jpg?alt=media&token=588e3315-d318-40f5-963a-cf3e9685e0da,,,
543,,397,20,1,26,https://firebasestorage.googleapis.com/v0/b/saint-seiya-api-accd5.appspot.com/o/pallas-pallasites%2Fpallasites-soldiers-blue.jpg?alt=media&token=0af74823-e6c8-4397-9331-21ed36f69f01,,,
544,,398,20,1,26,https://firebasestorage.googleapis.com/v0/b/saint-seiya-api-accd5.appspot.com/o/pallas-pallasites%2Fpallasites-soldiers-black.png?alt=media&token=4ec75149-d0c7-42bc-ac51-e62cdc13eeb1,,,
547,,395,20,1,26,https://firebasestorage.googleapis.com/v0/b/saint-seiya-api-accd5.appspot.com/o/pallas-pallasites%2Fpallasites-soldiers-red.jpg?alt=media&token=2eb89d57-e741-4a7f-8e8b-92e4bf330c51,,,
550,,396,20,1,26,https://firebasestorage.googleapis.com/v0/b/saint-seiya-api-accd5.appspot.com/o/pallas-pallasites%2Fpallasites-soldiers-yellow.jpg?alt=media&token=58353a86-bee4-4b65-89c6-2cee7738d62c,,,
2,2,371,7,9,29,https://firebasestorage.googleapis.com/v0/b/saint-seiya-api-accd5.appspot.com/o/corona-saints%2Fabel.jpg?alt=media&token=c461b0b1-8e72-45d1-a63f-4a57bdb71e56,,,
34,28,373,7,9,29,https://firebasestorage.googleapis.com/v0/b/saint-seiya-api-accd5.appspot.com/o/corona-saints%2Fapollo.jpg?alt=media&token=72c39304-04e1-48f9-a51c-e7a953351376,,,
45,39,71,1,17,29,https://firebasestorage.googleapis.com/v0/b/saint-seiya-api-accd5.appspot.com/o/zeus-angels%2Fcherub-ashtaroth.jpg?alt=media&token=5e1d8184-c100-4388-bbe1-2c5dd06eec5d,5,,
64,58,312,1,17,29,https://firebasestorage.googleapis.com/v0/b/saint-seiya-api-accd5.appspot.com/o/zeus-angels%2Fseraph-beelzebub.jpg?alt=media&token=e5b921fd-e5e3-4616-8e37-f9df0032c6ff,5,,
91,86,,29,,29,,,,
132,121,358,1,17,29,https://firebasestorage.googleapis.com/v0/b/saint-seiya-api-accd5.appspot.com/o/zeus-angels%2Fvirtues-eligor.jpg?alt=media&token=02e51278-abe6-4d6a-b72f-915cbdcb1803,5,,
286,257,202,1,17,29,https://firebasestorage.googleapis.com/v0/b/saint-seiya-api-accd5.appspot.com/o/zeus-angels%2Flucifer.jpg?alt=media&token=d7b5f96b-50de-41ed-8983-354b08199c0a,,,
322,292,341,1,17,29,https://firebasestorage.googleapis.com/v0/b/saint-seiya-api-accd5.appspot.com/o/zeus-angels%2Fthrones-moa.jpg?alt=media&token=31cbf0de-6000-47e9-a7ec-87e0e4e3dc77,5,,
341,313,247,1,,29,https://firebasestorage.googleapis.com/v0/b/saint-seiya-api-accd5.appspot.com/o/zeus-angels%2Fodysseus.jpg?alt=media&token=b1021fc5-9096-4217-98a1-b241802a5e2a,,,
492,431,340,1,,29,https://firebasestorage.googleapis.com/v0/b/saint-seiya-api-accd5.appspot.com/o/zeus-angels%2Ftheseus.jpg?alt=media&token=8abcea9c-db0d-4689-8c68-d92faefd1a1c,,,
502,439,175,1,,29,https://firebasestorage.googleapis.com/v0/b/saint-seiya-api-accd5.appspot.com/o/zeus-angels%2Ficarus-toma.jpg?alt=media&token=5907afb8-6bf1-4864-aebf-30c6e1bca7e1,,,
503,439,320,1,,29,https://firebasestorage.googleapis.com/v0/b/saint-seiya-api-accd5.appspot.com/o/zeus-angels%2Fsleep-angel-toma.jpg?alt=media&token=96c447bf-5170-409c-b3e2-e10900dbbd7b,1,,
418,379,368,21,9,30,https://firebasestorage.googleapis.com/v0/b/saint-seiya-api-accd5.appspot.com/o/amaterasu%2Fkusanagi-seiya.jpg?alt=media&token=a05b71dc-651d-4513-bf12-d3e021c4a35c,2,,
526,464,,18,54,30,,,,
28,24,199,13,9,33,https://firebasestorage.googleapis.com/v0/b/saint-seiya-api-accd5.appspot.com/o/odin-god-warriors%2Floki-andreas.png?alt=media&token=54a57d58-8955-4886-a39b-68c61a45122e,,,
12,10,246,13,9,34,https://firebasestorage.googleapis.com/v0/b/saint-seiya-api-accd5.appspot.com/o/odin-god-warriors%2Fodin-aiolia.png?alt=media&token=cd18af63-b2ac-4263-9aa6-be05c2b481c5,,,
16,13,218,13,41,34,https://firebasestorage.googleapis.com/v0/b/saint-seiya-api-accd5.appspot.com/o/odin-god-warriors%2Fmegrez-alberich.jpg?alt=media&token=d949edf7-1634-4b79-b024-af03ced0d904,,,
17,14,218,13,41,34,,,,
29,24,,13,31,34,https://firebasestorage.googleapis.com/v0/b/saint-seiya-api-accd5.appspot.com/o/odin-god-warriors%2Fandreas-lise.png?alt=media&token=1d23a849-fa60-4698-a5ab-fe9fb4da5830,,,
49,43,145,13,,34,https://firebasestorage.googleapis.com/v0/b/saint-seiya-api-accd5.appspot.com/o/odin-god-warriors%2Fgarmr-utgardar.png?alt=media&token=82657b6e-eb14-4dc7-b1d0-6a5131739018,5,,
60,54,169,13,,34,https://firebasestorage.googleapis.com/v0/b/saint-seiya-api-accd5.appspot.com/o/odin-god-warriors%2Fhr%C3%A6svelgr-baldr.png?alt=media&token=d7fd335d-6469-4d7c-b929-86f9b60cd2e2,5,,
69,,399,13,37,34,,,,
71,67,3,13,43,34,https://firebasestorage.googleapis.com/v0/b/saint-seiya-api-accd5.appspot.com/o/odin-god-warriors%2Falcor-bud.jpg?alt=media&token=795f3a91-2d3b-44e5-bf0d-6ae3e0944629,,,
120,112,120,13,31,34,https://firebasestorage.googleapis.com/v0/b/saint-seiya-api-accd5.appspot.com/o/odin-god-warriors%2Fdrbal.png?alt=media&token=10298699-792a-464d-912d-c806c0318109,5,,
142,130,237,13,,34,https://firebasestorage.googleapis.com/v0/b/saint-seiya-api-accd5.appspot.com/o/odin-god-warriors%2Fnidhoggr-fafner.png?alt=media&token=21726ca9-0e45-4d83-8829-6467a5378856,5,,
145,133,4,13,42,34,https://firebasestorage.googleapis.com/v0/b/saint-seiya-api-accd5.appspot.com/o/odin-god-warriors%2Falioth-fenrir.jpg?alt=media&token=9c9b220b-5032-4b91-92a2-f743ae52211a,,,
148,136,,13,,34,,,,
149,137,158,13,,34,https://firebasestorage.googleapis.com/v0/b/saint-seiya-api-accd5.appspot.com/o/odin-god-warriors%2Fgullinbursti-frodi.png?alt=media&token=2125a0ba-a34d-4134-a3ff-c1de3adae04a,5,,
151,139,140,13,37,34,https://firebasestorage.googleapis.com/v0/b/saint-seiya-api-accd5.appspot.com/o/odin-god-warriors%2Ffrey-alexei.png?alt=media&token=47a01a0a-28cc-4b57-b619-c2af82629be3,5,,
152,140,381,13,37,34,,,,
160,148,,13,37,34,,,,
181,169,223,13,39,34,https://firebasestorage.googleapis.com/v0/b/saint-seiya-api-accd5.appspot.com/o/odin-god-warriors%2Fmerak-hagen.jpg?alt=media&token=023aa80b-7843-44f5-bf25-8ed04f33286b,,,
194,180,334,13,,34,https://firebasestorage.googleapis.com/v0/b/saint-seiya-api-accd5.appspot.com/o/odin-god-warriors%2Ftanngrisnir-heracles.png?alt=media&token=55b6cee8-69b4-4075-83eb-1dfb87ff5fca,5,,
195,181,287,13,31,34,https://firebasestorage.googleapis.com/v0/b/saint-seiya-api-accd5.appspot.com/o/odin-god-warriors%2Fpolaris-hilda.jpg?alt=media&token=980a4a70-af66-4fbc-98f8-20052eb1b4f9,,,
205,185,225,13,,34,https://firebasestorage.googleapis.com/v0/b/saint-seiya-api-accd5.appspot.com/o/odin-god-warriors%2Fmidgard-hyoga.png?alt=media&token=632f52b6-1119-4f58-bf00-509a713bb44d,5,,
284,254,200,13,,34,https://firebasestorage.googleapis.com/v0/b/saint-seiya-api-accd5.appspot.com/o/odin-god-warriors%2Floki.png?alt=media&token=3b378b38-26ec-41cd-97f2-3ff961b13c87,5,,
311,280,45,13,44,34,https://firebasestorage.googleapis.com/v0/b/saint-seiya-api-accd5.appspot.com/o/odin-god-warriors%2Fbenetnasch-mime.jpg?alt=media&token=03c65224-9d62-4dfa-ae83-3112e8fc4e63,,,
367,339,,13,37,34,,,,
394,366,300,13,,34,https://firebasestorage.googleapis.com/v0/b/saint-seiya-api-accd5.appspot.com/o/odin-god-warriors%2Frung.png?alt=media&token=9ead4a25-2bdc-436b-a73e-beeea0fc9975,5,,
409,379,246,13,9,34,https://firebasestorage.googleapis.com/v0/b/saint-seiya-api-accd5.appspot.com/o/odin-god-warriors%2Fodin-seiya.jpg?alt=media&token=cfb3f0e3-e251-4dad-af86-6eec6d39c196,1,,
452,397,122,13,38,34,https://firebasestorage.googleapis.com/v0/b/saint-seiya-api-accd5.appspot.com/o/odin-god-warriors%2Fdubhe-siegfried.jpg?alt=media&token=0b2b96b6-0ff7-448b-8cca-6e47458aba15,,,
453,398,155,13,,34,https://firebasestorage.googleapis.com/v0/b/saint-seiya-api-accd5.appspot.com/o/odin-god-warriors%2Fgrani-sigmund.png?alt=media&token=26910fa9-19de-4146-a03f-a8b86ce40ecd,5,,
477,416,128,13,,34,https://firebasestorage.googleapis.com/v0/b/saint-seiya-api-accd5.appspot.com/o/odin-god-warriors%2Feikthyrnir-surt.png?alt=media&token=c4461ff4-cd7e-4415-8b82-b213a6a2d69e,5,,
478,417,227,13,43,34,https://firebasestorage.googleapis.com/v0/b/saint-seiya-api-accd5.appspot.com/o/odin-god-warriors%2Fmizar-syd.jpg?alt=media&token=8e569985-593f-44ed-84a7-a6f23d894b8e,,,
494,433,276,13,40,34,https://firebasestorage.googleapis.com/v0/b/saint-seiya-api-accd5.appspot.com/o/odin-god-warriors%2Fphecda-thor.jpg?alt=media&token=7c565aa3-114f-4ce1-bc57-3c8456003b1a,,,
509,445,349,13,,34,https://firebasestorage.googleapis.com/v0/b/saint-seiya-api-accd5.appspot.com/o/odin-god-warriors%2Fullr.png?alt=media&token=89d4a776-55b2-4c8d-be49-c6ae040558c5,5,,
514,450,353,13,31,34,https://firebasestorage.googleapis.com/v0/b/saint-seiya-api-accd5.appspot.com/o/odin-god-warriors%2Fvalkyrie.jpg?alt=media&token=1440d5d6-ccd0-4017-840b-4e3ed1a61042,,,
272,242,,25,9,35,https://firebasestorage.googleapis.com/v0/b/saint-seiya-api-accd5.appspot.com/o/lamech%2Fnothing-lamech.jpg?alt=media&token=87b3c494-b38a-41f8-a120-837dd412eb03,,,
455,400,,25,,35,https://firebasestorage.googleapis.com/v0/b/saint-seiya-api-accd5.appspot.com/o/lamech%2Fsillas-1.jpg?alt=media&token=aaa17b7b-55e1-4c7c-a19d-6bdc9dad5e80,,,
36,30,,5,9,36,https://firebasestorage.googleapis.com/v0/b/saint-seiya-api-accd5.appspot.com/o/apsu%2Fapsu.jpg?alt=media&token=d93e6b87-a3c8-4e33-a8e3-14a1808a91f0,,,
143,131,161,27,21,37,https://firebasestorage.googleapis.com/v0/b/saint-seiya-api-accd5.appspot.com/o/hakuryu-taonias%2Fhakutaku-feiyan.jpg?alt=media&token=b4a69d74-2c49-4e2b-81af-8e995e4a2e96,3,,
198,184,241,27,,37,https://firebasestorage.googleapis.com/v0/b/saint-seiya-api-accd5.appspot.com/o/hakuryu-taonias%2Fnine-tailed-fox-hui.jpg?alt=media&token=44614939-1753-48ae-94d1-e634d87c40de,3,,
282,252,160,27,9,37,https://firebasestorage.googleapis.com/v0/b/saint-seiya-api-accd5.appspot.com/o/hakuryu-taonias%2Fhakuryu-liu-xing.jpg?alt=media&token=5fa26713-0601-411d-8e80-a736cab25f30,,,
328,297,323,27,,37,https://firebasestorage.googleapis.com/v0/b/saint-seiya-api-accd5.appspot.com/o/hakuryu-taonias%2Fsparrow-mudan.jpg?alt=media&token=91d57cf7-fb7e-42c5-b3fc-70495e1ccf59,3,,
80,75,321,15,,38,https://firebasestorage.googleapis.com/v0/b/saint-seiya-api-accd5.appspot.com/o/garnet-jewels%2Fsliced-blood-carnelian.jpg?alt=media&token=f8a960f1-7927-48b7-9d1c-46b1b993f845,,,
83,78,178,15,,38,https://firebasestorage.googleapis.com/v0/b/saint-seiya-api-accd5.appspot.com/o/garnet-jewels%2Fillusions-chalcedony.png?alt=media&token=1b6164ef-df46-49ea-8e61-2f098e176146,,,
146,134,138,15,,38,https://firebasestorage.googleapis.com/v0/b/saint-seiya-api-accd5.appspot.com/o/garnet-jewels%2Fflaming-fist-flint.jpg?alt=media&token=2d38e0a6-aa0e-47bb-9b50-2ca51cec4668,,,
161,149,361,15,,38,https://firebasestorage.googleapis.com/v0/b/saint-seiya-api-accd5.appspot.com/o/garnet-jewels%2Fvouivre-garnet.jpg?alt=media&token=c28b5728-a357-43a8-80b1-dcd30d0c91d4,3,,
265,235,183,15,,38,https://firebasestorage.googleapis.com/v0/b/saint-seiya-api-accd5.appspot.com/o/garnet-jewels%2Fkoh-i-noor-krest.jpg?alt=media&token=c7d58239-fb59-438b-8d5d-60fda0c3ae01,,,
505,441,129,15,,38,https://firebasestorage.googleapis.com/v0/b/saint-seiya-api-accd5.appspot.com/o/garnet-jewels%2Felectricity-tourmasline.jpg?alt=media&token=d5427285-6121-45e2-8186-ee43f3b53a18,,,
54,48,,28,9,39,,,,
89,84,343,28,9,39,https://firebasestorage.googleapis.com/v0/b/saint-seiya-api-accd5.appspot.com/o/chronos-titans%2Ftime-chronos.jpg?alt=media&token=b543307b-e757-4255-9868-a513adbc8d56,5,,
90,85,96,28,9,39,https://firebasestorage.googleapis.com/v0/b/saint-seiya-api-accd5.appspot.com/o/chronos-titans%2Fdark-lightning-coeus.jpg?alt=media&token=ce394b8f-9163-43cb-9319-c19626cb4e50,5,,
92,87,143,28,9,39,https://firebasestorage.googleapis.com/v0/b/saint-seiya-api-accd5.appspot.com/o/chronos-titans%2Fgalaxy-crius.jpg?alt=media&token=369197ff-547d-4a3b-97ff-9d1939ac23a8,5,,
141,129,,28,9,39,,,,
191,177,,29,,39,,,,
192,178,,29,,39,,,,
245,219,,28,9,39,https://firebasestorage.googleapis.com/v0/b/saint-seiya-api-accd5.appspot.com/o/chronos-titans%2Fkairos.jpg?alt=media&token=55b1409c-503f-4443-a4b4-e6c517d59c48,,,
314,283,,29,46,39,,,,
321,291,220,28,9,39,https://firebasestorage.googleapis.com/v0/b/saint-seiya-api-accd5.appspot.com/o/chronos-titans%2Fmemory-mnemosyne.jpg?alt=media&token=e794f36a-72dd-4540-aa32-461ddfd26d20,5,,
337,309,88,28,9,39,https://firebasestorage.googleapis.com/v0/b/saint-seiya-api-accd5.appspot.com/o/chronos-titans%2Fcurrent-oceanus.jpg?alt=media&token=6b82bf4b-125c-42ab-ac67-2e087eeb03fd,5,,
365,337,229,28,9,39,https://firebasestorage.googleapis.com/v0/b/saint-seiya-api-accd5.appspot.com/o/chronos-titans%2Fmoon-phoebe.jpg?alt=media&token=44ceced3-d8cb-4290-b855-e59f44129d89,5,,
371,343,null,28,9,39,,,,
383,356,233,28,9,39,https://firebasestorage.googleapis.com/v0/b/saint-seiya-api-accd5.appspot.com/o/chronos-titans%2Fmother-of-gods-rhea.jpg?alt=media&token=b8ef9de3-813a-4620-8cae-add5f92ebeb9,5,,
473,413,304,20,9,39,https://firebasestorage.googleapis.com/v0/b/saint-seiya-api-accd5.appspot.com/o/pallas-pallasites%2Fsaturn-subaru.jpg?alt=media&token=4ba8ddfc-f1d3-4022-9df2-139a17bdf415,,,
487,426,319,28,9,39,https://firebasestorage.googleapis.com/v0/b/saint-seiya-api-accd5.appspot.com/o/chronos-titans%2Focean-tethys.jpg?alt=media&token=53670dd2-1215-4828-b487-d58ef9a718ee,5,,
490,429,177,28,9,39,https://firebasestorage.googleapis.com/v0/b/saint-seiya-api-accd5.appspot.com/o/chronos-titans%2Fillumination-theia.jpg?alt=media&token=5bb1fd2e-3c9d-4fe4-91ee-f8455b63d20d,5,,
491,430,109,28,9,39,https://firebasestorage.googleapis.com/v0/b/saint-seiya-api-accd5.appspot.com/o/chronos-titans%2Fjustice-themis.jpg?alt=media&token=cc85b688-ad75-4568-bd3c-57daf528f0ce,5,,
538,475,,29,,39,,,,
8,8,51,11,,40,https://firebasestorage.googleapis.com/v0/b/saint-seiya-api-accd5.appspot.com/o/typhon-gigas%2Fbrute-force-agrios.jpg?alt=media&token=61c191b3-af9d-4969-9376-f1df3b24b44b,5,,
30,25,196,11,,40,https://firebasestorage.googleapis.com/v0/b/saint-seiya-api-accd5.appspot.com/o/typhon-gigas%2Fleukotes-anemos.jpg?alt=media&token=8c93d79f-bdcc-4782-a1eb-3a73e558ff71,12,,
70,66,219,11,,40,https://firebasestorage.googleapis.com/v0/b/saint-seiya-api-accd5.appspot.com/o/typhon-gigas%2Fmelas-bronte.jpg?alt=media&token=f9a47463-25b4-43b2-a374-130c095ab5b0,12,,
86,81,333,11,,40,https://firebasestorage.googleapis.com/v0/b/saint-seiya-api-accd5.appspot.com/o/typhon-gigas%2Fsynthetic-beast%20chimera.jpg?alt=media&token=1f0f8370-7b3c-4292-8efc-1c429829864d,5,,
119,111,213,11,,40,https://firebasestorage.googleapis.com/v0/b/saint-seiya-api-accd5.appspot.com/o/typhon-gigas%2Fmargarites-drakon.jpg?alt=media&token=3a113901-a11e-4dc6-94a4-7fe523c75229,12,,
123,115,127,11,9,40,https://firebasestorage.googleapis.com/v0/b/saint-seiya-api-accd5.appspot.com/o/typhon-gigas%2Fechidna.jpg?alt=media&token=78e57a32-4f14-4ae9-b630-a26f545b24c3,5,,
135,124,363,11,20,40,https://firebasestorage.googleapis.com/v0/b/saint-seiya-api-accd5.appspot.com/o/typhon-gigas%2Fwarcry-enceladus.jpg?alt=media&token=d5926e89-0e08-4f44-af42-2c356c4614bc,5,,
197,183,240,11,,40,https://firebasestorage.googleapis.com/v0/b/saint-seiya-api-accd5.appspot.com/o/typhon-gigas%2Fnefritis-hoplisma.jpg?alt=media&token=d85bd70d-22a8-43da-b7fe-cd41a7370bfb,12,,
206,186,126,28,9,40,https://firebasestorage.googleapis.com/v0/b/saint-seiya-api-accd5.appspot.com/o/chronos-titans%2Febony-hyperion.jpg?alt=media&token=50cec594-9e21-4f3b-9e82-781553bc271a,5,,
210,190,108,28,9,40,https://firebasestorage.googleapis.com/v0/b/saint-seiya-api-accd5.appspot.com/o/chronos-titans%2Fdimension-iapetos.jpg?alt=media&token=6b0a58a2-711b-474f-9e95-1f63748173d0,5,,
270,240,170,11,,40,https://firebasestorage.googleapis.com/v0/b/saint-seiya-api-accd5.appspot.com/o/typhon-gigas%2Fhundred-dragons-ladon.jpg?alt=media&token=1a6d3fee-91a7-4906-a14b-3c4dcdfd7f4a,5,,
347,319,106,11,,40,https://firebasestorage.googleapis.com/v0/b/saint-seiya-api-accd5.appspot.com/o/typhon-gigas%2Fdemon-twin-dog-orthros.jpg?alt=media&token=33456cfc-34f6-4485-b525-6bb204a3a81e,5,,
350,322,327,11,,40,https://firebasestorage.googleapis.com/v0/b/saint-seiya-api-accd5.appspot.com/o/typhon-gigas%2Fstupidity-pallas.jpg?alt=media&token=3d0f3620-b9c1-46f1-a70f-8ec984a1da92,5,,
373,345,185,11,,40,https://firebasestorage.googleapis.com/v0/b/saint-seiya-api-accd5.appspot.com/o/typhon-gigas%2Fkyanos-pyrokus.jpg?alt=media&token=4a654ba5-9db9-4840-9b1a-6878e39b0c07,12,,
385,358,283,11,,40,https://firebasestorage.googleapis.com/v0/b/saint-seiya-api-accd5.appspot.com/o/typhon-gigas%2Fphoinikeos-rhuax.jpg?alt=media&token=53724f34-9c76-4689-bc2e-fe47f548d6ee,12,,
466,408,274,11,,40,https://firebasestorage.googleapis.com/v0/b/saint-seiya-api-accd5.appspot.com/o/typhon-gigas%2Fphaios-spathe.jpg?alt=media&token=5d501cf1-82ab-42d8-aa43-657dc47c4587,12,,
480,419,130,11,,40,https://firebasestorage.googleapis.com/v0/b/saint-seiya-api-accd5.appspot.com/o/typhon-gigas%2Famber-beast-tail.jpg?alt=media&token=10ee4ae0-5e6f-49dd-9a33-583444582100,12,,
496,435,342,11,,40,https://firebasestorage.googleapis.com/v0/b/saint-seiya-api-accd5.appspot.com/o/typhon-gigas%2Fthunderclap-toas.jpg?alt=media&token=6d23826b-bfa3-43e0-88e2-eb01489126a1,5,,
508,444,348,11,9,40,https://firebasestorage.googleapis.com/v0/b/saint-seiya-api-accd5.appspot.com/o/typhon-gigas%2Ftyphon.jpg?alt=media&token=9f0fb9cd-8cd7-4001-8883-dbe2185c71f6,5,,
537,473,15,11,,40,https://firebasestorage.googleapis.com/v0/b/saint-seiya-api-accd5.appspot.com/o/typhon-gigas%2Fanthrakma-zugylos.jpg?alt=media&token=b50c4c43-8d6b-4daf-aa27-7791f7a95f43,12,,
156,144,,6,9,41,,,,
370,342,29,6,9,41,,,,
481,420,null,6,9,41,,,,
511,447,null,6,9,41,,,,
23,19,360,12,,,https://firebasestorage.googleapis.com/v0/b/saint-seiya-api-accd5.appspot.com/o/gladiators%2Fvorpal-alice.png?alt=media&token=362da180-2b44-458c-8403-f6819314ac17,2,,
273,243,28,12,52,,https://firebasestorage.googleapis.com/v0/b/saint-seiya-api-accd5.appspot.com/o/gladiators%2Farondight-lancelot.png?alt=media&token=b446cb41-90e2-4470-9741-d4021817cf9d,2,,
353,326,33,12,,,https://firebasestorage.googleapis.com/v0/b/saint-seiya-api-accd5.appspot.com/o/gladiators%2Fazoth-paracelsus.jpg?alt=media&token=ff3ae799-0529-4246-ac13-7d4d3f7fb8c0,2,,
391,363,125,12,50,,https://firebasestorage.googleapis.com/v0/b/saint-seiya-api-accd5.appspot.com/o/gladiators%2Fdurandal-roland.png?alt=media&token=93d07681-768e-43f4-a9d4-c7b0d83e2c19,2,,
454,399,154,12,51,,https://firebasestorage.googleapis.com/v0/b/saint-seiya-api-accd5.appspot.com/o/gladiators%2Fgram-sigurd.jpg?alt=media&token=c1f476d8-2ef8-4b84-8364-86a6352f85a6,2,,
506,442,16,12,,,https://firebasestorage.googleapis.com/v0/b/saint-seiya-api-accd5.appspot.com/o/gladiators%2Faparajita-trivikramasena.png?alt=media&token=2d82e666-d832-4103-b89d-137a3c956cbd,2,,
577,248,,29,55,,,,,
