id,name,cloth,class,rank,affiliation,image,artist,symbol,debut
1,1,148,22,7,14,,,constellation-38,
2,2,371,7,9,10,assets/cloth-schemes/apolo-corona-saints/abel.jpg,,,
3,3,,22,,14,,,,
4,4,330,20,32,26,assets/cloth-schemes/pallas-pallasites/graviton-aegaeon.jpg,,,
5,5,147,20,33,26,assets/cloth-schemes/pallas-pallasites/gauntlet-phantom-arm-aegir-1.jpg,,,
6,6,83,22,6,14,assets/cloth-schemes/athena-saints/crater-aeson.png,4,constellation-29,6
7,7,201,22,6,14,assets/cloth-schemes/athena-saints/lotus-aghora.jpg,,constellation-118,
8,8,51,11,,40,assets/cloth-schemes/typhon-gigas/brute-force-agrios.jpg,5,,
9,9,146,26,13,16,assets/cloth-schemes/hades-specters/garuda-aiacos.jpg,1,evil-star-6,
10,10,189,22,7,14,assets/cloth-schemes/athena-saints/leo-aiolia.jpg,1,constellation-46,
11,10,190,22,9,14,assets/cloth-schemes/athena-saints/leo-aiolia-god.jpg,5,constellation-46,14
12,10,246,13,9,34,assets/cloth-schemes/odin-god-warriors/odin-aiolia.jpg,5,,14
13,11,302,22,7,14,assets/cloth-schemes/athena-saints/sagittarius-aiolos.jpg,1,constellation-72,
14,11,303,22,9,14,assets/cloth-schemes/athena-saints/sagittarius-aiolos-god.jpg,5,constellation-72,
15,12,284,22,7,14,assets/cloth-schemes/athena-saints/pisces-aphrodite.jpg,1,constellation-66,
16,13,218,13,,34,assets/cloth-schemes/odin-god-warriors/megrez-alberich.jpg,,Delta Star,12
17,14,218,13,,34,,,Delta Star,
18,15,336,22,7,14,assets/cloth-schemes/athena-saints/taurus-aldebaran.jpg,1,constellation-78,
19,15,337,22,9,14,assets/cloth-schemes/athena-saints/taurus-aldebaran-god.jpg,5,constellation-78,
20,16,379,22,4,14,,,constellation-21,
21,17,165,22,6,14,assets/cloth-schemes/athena-saints/heracles-algethi.jpg,1,constellation-40,
22,18,273,22,6,14,assets/cloth-schemes/athena-saints/perseus-algol.jpg,1,constellation-63,
23,19,360,12,,,assets/cloth-schemes/gladiators/vorpal-alice.png,2,,
24,20,105,22,5,14,assets/cloth-schemes/athena-saints/delphinus-mii.jpg,4,constellation-32,
25,21,32,22,6,14,assets/cloth-schemes/athena-saints/auriga-almaaz.jpg,6,constellation-8,
26,22,159,26,9,16,,,,
27,23,284,22,7,14,assets/cloth-schemes/athena-saints/pisces-amor.jpg,5,constellation-66,
28,24,199,13,9,34,assets/cloth-schemes/odin-god-warriors/loki-andreas.jpg,5,,14
29,24,,13,31,34,assets/cloth-schemes/odin-god-warriors/andreas-lise.png,,,14
30,25,196,11,,40,assets/cloth-schemes/typhon-gigas/leukotes-anemos.jpg,12,,
31,26,,19,9,8,assets/cloth-schemes/ra-legionaries/anubis.jpg,,,
32,27,284,22,7,14,assets/cloth-schemes/athena-saints/pisces-aphrodite.jpg,1,constellation-66,
33,27,285,22,9,14,assets/cloth-schemes/athena-saints/pisces-aphrodite-god.jpg,5,constellation-66,
34,28,373,7,9,10,assets/cloth-schemes/apolo-corona-saints/apollo.jpg,,,
35,29,,19,9,8,assets/cloth-schemes/ra-legionaries/apophis.jpg,,,
36,30,,5,9,36,assets/cloth-schemes/apsu-warriors/apsu.jpg,,,
37,31,335,22,6,14,assets/cloth-schemes/athena-saints/tarantula-arachne.png,,constellation-93,
38,32,301,22,6,14,,,constellation-71,
39,33,,3,9,11,assets/cloth-schemes/ares-berserkers/war-ares.jpg,,,
40,34,359,22,5,14,assets/cloth-schemes/athena-saints/volans-argo.png,5,constellation-87,16
41,35,30,22,9,14,assets/cloth-schemes/athena-saints/athena-aria.jpg,17,,
42,36,,21,41,10,,,,
43,37,195,22,5,14,assets/cloth-schemes/athena-saints/lepus-arne.jpg,6,constellation-48,
44,38,,23,9,12,assets/cloth-schemes/artemis-satellites/artemis.jpg,5,,
45,39,71,1,17,29,assets/cloth-schemes/zeus-angels/cherub-ashtaroth.jpg,5,,
46,40,356,22,7,14,assets/cloth-schemes/athena-saints/virgo-shaka.jpg,1,constellation-86,
47,41,148,22,7,14,assets/cloth-schemes/athena-saints/gemini-saga.jpg,1,constellation-38,
48,42,57,22,6,14,assets/cloth-schemes/athena-saints/canes-venatici-asterion.jpg,1,constellation-13,
49,43,145,13,,34,assets/cloth-schemes/odin-god-warriors/garmr-utgardar.png,5,,14
50,44,,26,14,16,assets/cloth-schemes/hades-specters/atavaka.jpg,3,evil-star-37,
51,45,299,8,,15,assets/cloth-schemes/eris-dryads/ruin-ate.png,10,,5
52,46,,22,2,14,,,,
53,47,61,22,5,14,assets/cloth-schemes/athena-saints/carina-atlas.jpg,5,constellation-17,
54,48,,28,9,39,,,,
55,49,26,22,7,14,assets/cloth-schemes/athena-saints/aries-avenir.png,10,constellation-7,
56,50,64,22,6,14,assets/cloth-schemes/athena-saints/centaurus-babel.jpg,1,constellation-19,
57,51,34,17,44,11,assets/cloth-schemes/ares-martians/bacchus.png,5,,
58,52,310,16,18,25,assets/cloth-schemes/poseidon-mariners/sea-horse-baian.jpg,1,,
59,53,296,22,6,14,assets/cloth-schemes/athena-saints/reticulum-balazo.jpg,,constellation-70,
60,54,169,13,,34,assets/cloth-schemes/odin-god-warriors/hr%C3%A6svelgr-baldr.png,5,,14
61,55,191,22,5,14,assets/cloth-schemes/athena-saints/leo-minor-ban.jpg,1,constellation-47,
62,56,54,22,6,14,assets/cloth-schemes/athena-saints/camelopardalis-bartsch.jpg,,constellation-11,
63,57,49,22,6,14,assets/cloth-schemes/athena-saints/bootes-bayer.jpg,6,constellation-9,
64,58,312,1,17,29,assets/cloth-schemes/zeus-angels/seraph-beelzebub.jpg,5,,
65,59,42,17,,11,assets/cloth-schemes/ares-martians/beetle-brothers-1.jpg,,,
66,60,43,17,,11,assets/cloth-schemes/ares-martians/beetle-brothers-2.jpg,,,
67,61,78,22,5,14,assets/cloth-schemes/athena-saints/coma-berenices-berengue.jpg,5,constellation-25,
68,63,191,22,5,14,,,constellation-47,
69,,399,4,,34,,,,
70,66,219,11,,40,assets/cloth-schemes/typhon-gigas/melas-bronte.jpg,12,,
71,67,3,13,,34,assets/cloth-schemes/odin-god-warriors/alcor-bud.jpg,,Zeta Star,12
72,68,239,26,13,16,assets/cloth-schemes/hades-specters/necromancer-byaku.png,3,evil-star-114,
73,69,148,22,7,14,,,constellation-38,
74,70,,23,15,12,assets/cloth-schemes/artemis-satellites/callisto.jpg,5,,
75,71,18,22,7,14,assets/cloth-schemes/athena-saints/aquarius-camus.jpg,1,constellation-4,
76,71,19,22,9,14,assets/cloth-schemes/athena-saints/aquarius-camus-god.png,5,constellation-4,
77,72,32,22,6,14,assets/cloth-schemes/athena-saints/auriga-capella.jpg,1,constellation-8,
78,73,294,14,9,2,assets/cloth-schemes/tezcatlipoca-jaguars/quetzalcoatl-calvera.jpg,,,
79,74,284,22,7,14,assets/cloth-schemes/athena-saints/pisces-cardinale.jpg,5,constellation-66,
80,75,321,15,,38,assets/cloth-schemes/garnet-jewels/sliced-blood-carnelian.jpg,,,
81,76,388,22,4,14,assets/cloth-schemes/athena-saints/cassios.jpg,5,,30
82,77,133,22,5,14,assets/cloth-schemes/athena-saints/equuleus-celeris.jpg,5,constellation-35,
83,78,178,15,,38,assets/cloth-schemes/garnet-jewels/illusions-chalcedony.png,,,
84,79,1,26,13,16,assets/cloth-schemes/hades-specters/acheron-charon.jpg,1,evil-star-4,
85,80,53,26,14,16,assets/cloth-schemes/hades-specters/cat-sith-cheshire.jpg,3,evil-star-57,
86,81,333,11,,40,assets/cloth-schemes/typhon-gigas/synthetic-beast-chimera.jpg,5,,
87,82,68,26,13,16,assets/cloth-schemes/hades-specters/cetus-chris.jpg,6,evil-star-30,
88,83,86,22,6,14,assets/cloth-schemes/athena-saints/crux-christ.jpg,5,constellation-30,
89,84,343,28,9,39,assets/cloth-schemes/chronos-titans/time-chronos.jpg,5,,
90,85,96,28,9,39,assets/cloth-schemes/chronos-titans/dark-lightning-coeus.jpg,5,,
91,86,,21,38,29,,,,
92,87,143,28,9,39,assets/cloth-schemes/chronos-titans/galaxy-crius.jpg,5,,
93,88,35,10,9,3,assets/cloth-schemes/balor-fairies/balor-cruaich.jpg,12,,
94,89,87,22,,14,assets/cloth-schemes/athena-saints/crystal-saint.jpg,6,,
95,90,124,26,14,16,assets/cloth-schemes/hades-specters/dullahan-cube.jpg,3,evil-star-101,
96,91,,26,13,16,assets/cloth-schemes/hades-specters/curly.jpg,,evil-star-21,
97,92,172,22,5,14,,,constellation-42,
98,93,99,20,34,26,assets/cloth-schemes/pallas-pallasites/deadly-scythe-soul-killer-cyllene.jpg,,,
99,94,187,22,3,14,assets/cloth-schemes/athena-saints/land-daichi.jpg,,constellation-88,
100,95,80,22,5,14,assets/cloth-schemes/athena-saints/corona-borealis-dali.jpg,,constellation-27,
101,96,66,22,6,14,assets/cloth-schemes/athena-saints/cerberus-dante.jpg,,constellation-101,
102,97,55,22,7,14,assets/cloth-schemes/athena-saints/cancer-deathmask.jpg,1,constellation-12,
103,97,56,22,9,14,assets/cloth-schemes/athena-saints/cancer-deathmask-god.jpg,5,constellation-12,
104,97,289,8,,15,assets/cloth-schemes/eris-dryads/punishment-deathmask.png,,,
105,98,55,22,7,14,,,constellation-12,
106,99,148,22,7,14,assets/cloth-schemes/athena-saints/gemini-saga.jpg,1,constellation-38,
107,100,18,22,7,14,assets/cloth-schemes/athena-saints/aquarius-camus.jpg,1,constellation-4,
108,101,406,3,Legion of Disaster,11,assets/cloth-schemes/ares-berserkers/terror-deimos.png,15,,
109,102,107,17,44,11,assets/cloth-schemes/ares-martians/diana.png,5,,
110,103,235,22,6,14,assets/cloth-schemes/athena-saints/musca-dio.jpg,1,constellation-56,
111,104,364,20,33,26,assets/cloth-schemes/pallas-pallasites/whip-snake-plasma-dione.jpg,,,
112,105,,22,,14,assets/cloth-schemes/athena-saints/docrates.jpg,6,,
113,106,197,22,7,14,assets/cloth-schemes/athena-saints/libra-dohko.jpg,1,constellation-49,
114,106,198,22,9,14,assets/cloth-schemes/athena-saints/libra-dohko-god.jpg,5,constellation-49,
115,107,374,22,4,14,assets/cloth-schemes/athena-saints/ara-don-avido.jpg,5,constellation-6,
116,108,66,22,6,14,assets/cloth-schemes/athena-saints/cerberus-dorer.jpg,,constellation-101,
117,109,351,22,5,14,,,constellation-83,
118,110,,9,,16,assets/cloth-schemes/hades-faceless/dragon.png,2,,
119,111,213,11,,40,assets/cloth-schemes/typhon-gigas/margarites-drakon.jpg,12,,
120,112,120,13,31,34,assets/cloth-schemes/odin-god-warriors/drbal.png,5,,22
121,113,7,8,,15,assets/cloth-schemes/eris-dryads/anarchy-dysnomia.jpg,,,
122,114,354,26,13,16,assets/cloth-schemes/hades-specters/vampire-erhart.jpg,6,evil-star-26,
123,115,127,11,9,40,assets/cloth-schemes/typhon-gigas/echidna.jpg,5,,
124,116,76,20,34,26,assets/cloth-schemes/pallas-pallasites/club-impulse-mace-eden.jpg,,,
125,116,253,22,5,14,assets/cloth-schemes/athena-saints/orion-eden-1.jpg,5,constellation-60,
126,116,254,22,5,14,assets/cloth-schemes/athena-saints/orion-eden-2.jpg,,constellation-60,
127,116,390,22,9,14,assets/cloth-schemes/athena-saints/orion-eden-omega.jpg,,constellation-60,
128,117,332,26,14,16,assets/cloth-schemes/hades-specters/sylph-edward.jpg,3,evil-star-64,
129,118,136,8,9,15,,,,
130,119,59,22,7,14,assets/cloth-schemes/athena-saints/capricornus-shura.jpg,1,constellation-16,
131,120,63,22,5,14,assets/cloth-schemes/athena-saints/cassiopeia-elda.png,4,constellation-18,
132,121,358,1,17,29,assets/cloth-schemes/zeus-angels/virtues-eligor.jpg,5,,
133,122,39,22,3,14,assets/cloth-schemes/athena-saints/emma.png,11,,
134,123,210,8,,15,assets/cloth-schemes/eris-dryads/malice-emony.png,10,,5
135,124,363,11,20,40,assets/cloth-schemes/typhon-gigas/warcry-enceladus.jpg,5,,
136,125,307,22,6,14,assets/cloth-schemes/athena-saints/scutum-ennead.jpg,,constellation-75,
137,126,39,22,3,14,assets/cloth-schemes/athena-saints/erna.png,11,,
138,127,305,22,7,14,,,constellation-73,
139,128,69,20,33,26,assets/cloth-schemes/pallas-pallasites/chakram-slash-reaper-europe-1.jpg,,,
140,128,377,20,32,26,assets/cloth-schemes/pallas-pallasites/chakram-slash-reaper-europe-2.jpg,,,
141,129,,28,9,39,assets/cloth-schemes/chronos-titans/eurybia.png,10,,
142,130,237,13,,34,assets/cloth-schemes/odin-god-warriors/nidhoggr-fafner.png,5,,14
143,131,161,27,21,37,assets/cloth-schemes/hakuryu-taonias/hakutaku-feiyan.jpg,3,,
144,132,48,26,,16,assets/cloth-schemes/hades-specters/black-terror-felser.jpg,12,,
145,133,4,13,,34,assets/cloth-schemes/odin-god-warriors/alioth-fenrir.jpg,,Epsilon Star,12
146,134,138,15,,38,assets/cloth-schemes/garnet-jewels/flaming-fist-flint.jpg,,,
147,135,235,22,6,14,assets/cloth-schemes/athena-saints/musca-fly.jpg,,constellation-56,
148,136,,13,,34,,,,
149,137,158,13,,34,assets/cloth-schemes/odin-god-warriors/gullinbursti-frodi.png,5,,14
150,138,336,22,7,14,,,constellation-78,
151,139,140,4,,34,assets/cloth-schemes/odin-god-warriors/frey-alexei.png,5,,1
152,140,381,4,,34,,,,
153,141,356,22,7,14,assets/cloth-schemes/athena-saints/virgo-fudou.jpg,5,constellation-86,
154,142,380,22,4,14,assets/cloth-schemes/athena-saints/draco-shinadekuro.jpg,,constellation-34,32
155,143,211,26,13,16,assets/cloth-schemes/hades-specters/mandrake-fyodor.jpg,3,evil-star-14,
156,144,,6,9,41,assets/cloth-schemes/chronos-titans/gaia.png,10,,
157,145,,22,2,14,,,,
158,146,331,20,32,26,assets/cloth-schemes/pallas-pallasites/photon-gallia.jpg,,,
159,147,,22,1,14,,,,
160,148,,4,,34,,,,
161,149,361,15,,38,assets/cloth-schemes/garnet-jewels/vouivre-garnet.jpg,3,,
162,150,26,22,7,14,,,constellation-7,
163,151,151,22,6,14,assets/cloth-schemes/athena-saints/ghosts-master-geist.jpg,6,,
164,152,351,22,5,14,assets/cloth-schemes/athena-saints/ursa-major-geki.jpg,1,constellation-83,
165,153,197,22,7,14,assets/cloth-schemes/athena-saints/libra-genbu.jpg,5,constellation-49,
166,154,86,22,6,14,assets/cloth-schemes/athena-saints/crux-georg.jpg,5,constellation-30,5
167,155,,22,,14,,,,
168,156,,26,14,16,assets/cloth-schemes/hades-specters/gerald.jpg,5,evil-star-92,
169,157,302,22,7,14,,,constellation-72,
170,158,89,26,14,16,assets/cloth-schemes/hades-specters/cyclops-gigant.jpg,1,evil-star-60,
171,159,,22,,14,assets/cloth-schemes/athena-saints/gigas.png,,,
172,160,,22,,14,,,,
173,161,226,26,13,16,assets/cloth-schemes/hades-specters/minotauros-gordon.jpg,1,evil-star-32,
174,162,77,22,5,14,assets/cloth-schemes/athena-saints/columba-gray.jpg,6,constellation-24,
175,163,315,22,,14,assets/cloth-schemes/athena-saints/shadow-saint.jpg,1,,
176,164,150,26,13,16,assets/cloth-schemes/hades-specters/genbu-gregor.jpg,3,evil-star-25,
177,165,100,20,34,26,assets/cloth-schemes/pallas-pallasites/deadly-scythe-soul-killer-greip.jpg,,,
178,166,,22,,14,,,,
179,167,103,22,5,14,assets/cloth-schemes/athena-saints/delphinus-guney.jpg,5,constellation-32,
180,168,159,26,9,16,assets/cloth-schemes/hades-specters/hades.jpg,1,,
181,169,223,13,,34,assets/cloth-schemes/odin-god-warriors/merak-hagen.jpg,,Beta Star,12
182,170,24,22,6,14,assets/cloth-schemes/athena-saints/ara-hakurei.jpg,3,constellation-6,
183,171,345,20,34,26,assets/cloth-schemes/pallas-pallasites/triple-rod-halimede.jpg,,,
184,172,336,22,7,14,assets/cloth-schemes/athena-saints/taurus-harbinger.jpg,5,constellation-78,
185,173,203,22,5,14,assets/cloth-schemes/athena-saints/lupus-haruto-1.jpg,5,constellation-50,
186,173,204,22,5,14,assets/cloth-schemes/athena-saints/lupus-haruto-2.jpg,,constellation-50,
187,173,205,22,9,14,assets/cloth-schemes/athena-saints/lupus-haruto-omega.png,,constellation-50,
188,174,336,22,7,14,assets/cloth-schemes/athena-saints/taurus-aldebaran.jpg,1,constellation-78,
189,175,95,20,34,26,assets/cloth-schemes/pallas-pallasites/daggers-hati.jpg,,,
190,176,,23,42,12,,,,
191,177,,21,,39,,,,
192,178,,21,38,39,,,,
193,179,180,3,Legion of Flame,11,assets/cloth-schemes/ares-berserkers/jamadhar-hema.jpg,,,
194,180,334,13,,34,assets/cloth-schemes/odin-god-warriors/tanngrisnir-heracles.png,5,,14
195,181,287,13,31,34,assets/cloth-schemes/odin-god-warriors/polaris-hilda.jpg,,,12
196,182,73,22,5,14,assets/cloth-schemes/athena-saints/circinus-hooke.jpg,6,constellation-23,
197,183,240,11,,40,assets/cloth-schemes/typhon-gigas/nefritis-hoplisma.jpg,12,,
198,184,241,27,,37,assets/cloth-schemes/hakuryu-taonias/nine-tailed-fox-hui.jpg,3,,
199,185,18,22,7,14,,,constellation-4,
200,185,90,22,5,14,assets/cloth-schemes/athena-saints/cygnus-hyoga-1.jpg,1,constellation-31,
201,185,91,22,5,14,assets/cloth-schemes/athena-saints/cygnus-hyoga-anime-1.png,,constellation-31,12
202,185,92,22,5,14,assets/cloth-schemes/athena-saints/cygnus-hyoga-2.jpg,1,constellation-31,
203,185,93,22,5,14,assets/cloth-schemes/athena-saints/cygnus-hyoga-3.jpg,1,constellation-31,
204,185,94,22,9,14,assets/cloth-schemes/athena-saints/cygnus-hyoga-god.jpg,1,constellation-31,
205,185,225,13,,34,assets/cloth-schemes/odin-god-warriors/midgard-hyoga.png,5,,22
206,186,126,28,9,40,assets/cloth-schemes/chronos-titans/ebony-hyperion.jpg,5,,
207,187,329,20,32,26,assets/cloth-schemes/pallas-pallasites/destruction-hyperion.jpg,,,
208,188,174,26,9,16,assets/cloth-schemes/hades-specters/hypnos.jpg,1,,
209,189,123,8,,15,assets/cloth-schemes/eris-dryads/duel-hysmie.jpg,,,
210,190,108,28,9,40,assets/cloth-schemes/chronos-titans/dimension-iapetos.jpg,5,,
211,191,176,26,9,16,assets/cloth-schemes/hades-specters/illusion-icelus.jpg,3,,
212,192,172,22,5,14,assets/cloth-schemes/athena-saints/hydra-ichi.jpg,1,constellation-42,
213,192,173,22,6,14,assets/cloth-schemes/athena-saints/hydrus-ichi.jpg,5,constellation-43,
214,193,189,22,9,14,,,constellation-46,
215,193,278,22,5,14,assets/cloth-schemes/athena-saints/phoenix-ikki-1.jpg,1,constellation-64,
216,193,279,22,5,14,assets/cloth-schemes/athena-saints/phoenix-ikki-anime-1.png,,constellation-64,
217,193,280,22,5,14,assets/cloth-schemes/athena-saints/phoenix-ikki-2.jpg,1,constellation-64,
218,193,281,22,5,14,assets/cloth-schemes/athena-saints/phoenix-ikki-3.jpg,1,constellation-64,
219,193,282,22,9,14,assets/cloth-schemes/athena-saints/phoenix-ikki-god.jpg,1,constellation-64,
220,194,189,22,7,14,assets/cloth-schemes/athena-saints/leo-ilias.jpg,5,constellation-46,
221,195,308,16,18,25,assets/cloth-schemes/poseidon-mariners/scylla-io.jpg,1,,
222,196,59,22,7,14,assets/cloth-schemes/athena-saints/capricornus-ionia.jpg,5,constellation-16,
223,197,90,22,5,14,assets/cloth-schemes/athena-saints/cygnus-isaak.jpg,2,constellation-31,
224,197,184,16,18,25,assets/cloth-schemes/poseidon-mariners/kraken-isaak.jpg,1,,
225,198,,26,14,16,assets/cloth-schemes/hades-specters/isolde.jpg,6,evil-star-98,
226,199,197,22,7,14,,,constellation-49,
227,200,346,26,13,16,assets/cloth-schemes/hades-specters/troll-ivan.jpg,1,evil-star-31,
228,201,59,22,7,14,,,constellation-16,
229,202,228,22,5,14,assets/cloth-schemes/athena-saints/monoceros-jabu.jpg,1,constellation-55,
230,203,252,22,6,14,assets/cloth-schemes/athena-saints/orion-jager.jpg,5,constellation-60,
231,204,,22,2,14,assets/cloth-schemes/athena-saints/jaki.png,,,
232,205,82,22,6,14,assets/cloth-schemes/athena-saints/corvus-jamian.jpg,1,constellation-28,
233,206,307,22,6,14,assets/cloth-schemes/athena-saints/scutum-jan.jpg,5,constellation-75,
234,207,427,22,4,14,assets/cloth-schemes/athena-saints/jango-vander-graad.png,,,30
235,208,386,22,5,14,assets/cloth-schemes/athena-saints/lynx-jao.jpg,5,constellation-51,
236,210,393,22,4,14,assets/cloth-schemes/athena-saints/cygnus-jid.jpg,,constellation-31,32
237,211,82,22,6,14,assets/cloth-schemes/athena-saints/corvus-johann.jpg,,constellation-28,
238,212,307,22,6,14,assets/cloth-schemes/athena-saints/scutum-juan.jpg,5,constellation-75,
239,213,376,22,4,14,,,constellation-13,
240,214,288,16,9,25,assets/cloth-schemes/poseidon-mariners/poseidon-julian.jpg,1,,
241,215,70,22,5,14,assets/cloth-schemes/athena-saints/chamaeleon-june.jpg,1,constellation-22,
242,216,384,22,5,14,,,constellation-50,
243,217,46,26,13,16,assets/cloth-schemes/hades-specters/bennu-kagaho-v1.jpg,3,evil-star-34,
244,218,,26,14,16,assets/cloth-schemes/hades-specters/kageboshi.jpg,6,evil-star-80,
245,219,,28,9,39,assets/cloth-schemes/chronos-titans/kairos.jpg,,,
246,220,189,22,7,14,,,constellation-46,
247,221,148,22,7,14,assets/cloth-schemes/athena-saints/gemini-saga.jpg,1,constellation-38,
248,221,309,16,18,25,assets/cloth-schemes/poseidon-mariners/sea-dragon-kanon.jpg,1,,
249,223,305,22,7,14,assets/cloth-schemes/athena-saints/scorpio-milo.jpg,1,constellation-73,
250,224,208,16,18,25,assets/cloth-schemes/poseidon-mariners/lyumnades-kasa.jpg,1,,
251,225,81,22,5,14,assets/cloth-schemes/athena-saints/corona-borealis-katya.png,4,constellation-27,
252,226,86,22,6,14,assets/cloth-schemes/athena-saints/crux-kazuma.jpg,,constellation-30,
253,227,391,22,4,14,assets/cloth-schemes/athena-saints/pegasus-kenuma.jpg,,constellation-62,32
254,228,182,26,9,16,assets/cloth-schemes/hades-specters/ker.jpg,1,,
255,229,39,22,3,14,assets/cloth-schemes/athena-saints/kelly.png,11,,
256,230,26,22,7,14,assets/cloth-schemes/athena-saints/aries-kiki.jpg,5,constellation-7,
257,231,133,22,5,14,assets/cloth-schemes/athena-saints/equuleus-kitalpha.jpg,5,constellation-35,
258,232,47,3,Legion of Flame,11,assets/cloth-schemes/ares-berserkers/bhuj-kokalo.jpg,,,
259,233,157,22,5,14,assets/cloth-schemes/athena-saints/grus-komachi.jpg,6,constellation-39,
260,234,268,22,5,14,assets/cloth-schemes/athena-saints/pegasus-kouga-1.jpg,5,constellation-62,
261,234,269,22,5,14,assets/cloth-schemes/athena-saints/pegasus-kouga-2.jpg,5,constellation-62,
262,234,270,22,9,14,assets/cloth-schemes/athena-saints/pegasus-kouga-omega-1.jpg,,constellation-62,
263,234,271,22,9,14,assets/cloth-schemes/athena-saints/pegasus-kouga-omega-2.jpg,,constellation-62,
264,235,18,22,7,14,assets/cloth-schemes/athena-saints/aquarius-krest.jpg,5,constellation-4,
265,235,183,15,,38,assets/cloth-schemes/garnet-jewels/koh-i-noor-krest.jpg,,,
266,236,72,16,18,25,assets/cloth-schemes/poseidon-mariners/chrysaor-krishna.jpg,1,,
267,237,,3,9,11,,,,
268,238,132,22,5,14,assets/cloth-schemes/athena-saints/equuleus-kyoko.jpg,4,constellation-35,
269,239,291,22,6,14,assets/cloth-schemes/athena-saints/puppis-lacaille.png,5,constellation-68,
270,240,170,11,,40,assets/cloth-schemes/typhon-gigas/hundred-dragons-ladon.jpg,5,,
271,241,365,26,14,16,assets/cloth-schemes/hades-specters/worm-laimi.jpg,1,evil-star-85,
272,242,,25,9,35,assets/cloth-schemes/lamech/nothing-lamech.jpg,,,29
273,243,28,12,Cursed Sword of Betrayal,,assets/cloth-schemes/gladiators/arondight-lancelot.jpg,14,,
274,243,55,22,7,14,,,constellation-12,
275,243,56,22,9,14,,,constellation-12,
276,245,,26,13,16,assets/cloth-schemes/hades-specters/larry.jpg,,evil-star-112,
277,246,,23,12,12,assets/cloth-schemes/artemis-satellites/lascoumoune.jpg,5,,
278,247,,22,5,14,assets/cloth-schemes/athena-saints/leda.jpg,,,
279,249,,22,2,14,,,,
280,250,382,22,4,14,,,constellation-40,
281,251,350,26,14,16,assets/cloth-schemes/hades-specters/upyr-leybold.jpg,6,evil-star-92,
282,252,160,27,9,37,assets/cloth-schemes/hakuryu-taonias/hakuryu-liu-xing.jpg,,,
283,253,50,20,34,26,assets/cloth-schemes/pallas-pallasites/spear-brionac-loge.jpg,,,
284,254,200,13,,34,assets/cloth-schemes/odin-god-warriors/loki.png,5,,22
285,256,243,22,5,14,assets/cloth-schemes/athena-saints/norma-luciano.jpg,6,constellation-57,
286,257,202,1,17,29,assets/cloth-schemes/zeus-angels/lucifer.jpg,,,
287,258,121,26,13,16,assets/cloth-schemes/hades-specters/dryad-luco.jpg,3,evil-star-15,
288,259,216,17,9,11,assets/cloth-schemes/ares-martians/mars-ludwig-1.jpg,5,,
289,260,284,22,7,14,assets/cloth-schemes/athena-saints/pisces-lugonis.jpg,5,constellation-66,
290,261,36,26,13,16,assets/cloth-schemes/hades-specters/balron-lune.jpg,1,evil-star-9,
291,262,209,8,,15,assets/cloth-schemes/eris-dryads/madness-mania.png,,,
292,263,55,22,7,14,assets/cloth-schemes/athena-saints/cancer-deathmask.jpg,1,constellation-12,
293,264,217,17,15,11,assets/cloth-schemes/ares-martians/martian-commander.png,,,
294,265,245,8,,15,assets/cloth-schemes/eris-dryads/oblivion-maria.png,,,
295,266,20,22,6,14,assets/cloth-schemes/athena-saints/aquila-marin.jpg,1,constellation-5,
296,565,215,16,1,25,assets/cloth-schemes/poseidon-mariners/mariner-soldiers.jpg,,,
297,268,317,26,1,16,assets/cloth-schemes/hades-specters/skeleton-markino.jpg,1,,
298,269,301,22,6,14,assets/cloth-schemes/athena-saints/sagitta-maya.jpg,5,constellation-71,
299,270,259,22,6,14,assets/cloth-schemes/athena-saints/pavo-mayura.jpg,4,constellation-61,
300,271,,17,20,11,assets/cloth-schemes/ares-martians/medea.jpg,,,
301,272,78,22,5,14,assets/cloth-schemes/athena-saints/coma-berenice-mei.jpg,5,constellation-25,
302,273,67,22,6,14,assets/cloth-schemes/athena-saints/cetus-menkar.jpg,,constellation-21,
303,274,74,20,34,26,assets/cloth-schemes/pallas-pallasites/claw-max-brilliants-methone-1.jpg,,,
304,275,52,22,6,14,assets/cloth-schemes/athena-saints/caelum-michelangelo.jpg,,constellation-10,
305,276,57,22,6,14,assets/cloth-schemes/athena-saints/canes-venatici-miguel.jpg,6,constellation-13,
306,277,2,20,32,26,assets/cloth-schemes/pallas-pallasites/alchemy-glove-miller-1.jpg,,,
307,277,372,20,,26,assets/cloth-schemes/pallas-pallasites/alchemy-glove-miller-2.jpg,,,
308,278,131,26,14,16,assets/cloth-schemes/hades-specters/elf-mills.jpg,7,evil-star-104,
309,279,305,22,7,14,assets/cloth-schemes/athena-saints/scorpio-milo.jpg,1,constellation-73,
310,279,306,22,9,14,assets/cloth-schemes/athena-saints/scorpio-milo-god.jpg,5,constellation-73,
311,280,45,13,,34,assets/cloth-schemes/odin-god-warriors/benetnasch-mime.jpg,,Eta Star,12
312,281,,22,2,14,,,,
313,282,156,26,13,16,assets/cloth-schemes/hades-specters/griffon-minos.jpg,1,evil-star-10,
314,283,,21,40,39,,,,
315,284,,22,2,14,,,,
316,285,387,22,5,14,assets/cloth-schemes/athena-saints/lynx-mirapolos.jpg,,constellation-51,
317,286,273,22,6,14,assets/cloth-schemes/athena-saints/perseus-mirfak.jpg,,constellation-63,
318,287,186,22,6,14,assets/cloth-schemes/athena-saints/lacerta-misty.jpg,1,constellation-45,
319,288,,22,2,14,,,,
320,290,141,26,14,16,,,evil-star-44,
321,291,220,28,9,39,assets/cloth-schemes/chronos-titans/memory-mnemosyne.jpg,5,,
322,292,341,1,17,29,assets/cloth-schemes/zeus-angels/thrones-moa.jpg,5,,
323,293,,26,13,16,assets/cloth-schemes/hades-specters/moe.jpg,6,evil-star-17,
324,294,232,26,9,16,assets/cloth-schemes/hades-specters/modeler-morpheus.jpg,3,,
325,295,67,22,6,14,assets/cloth-schemes/athena-saints/cetus-moses.jpg,1,constellation-21,
326,296,26,22,7,14,assets/cloth-schemes/athena-saints/aries-mu.jpg,1,constellation-7,
327,296,27,22,9,14,assets/cloth-schemes/athena-saints/aries-mu-god.png,5,constellation-7,
328,297,323,27,,37,assets/cloth-schemes/hakuryu-taonias/sparrow-mudan.jpg,3,,
329,298,189,22,7,14,assets/cloth-schemes/athena-saints/leo-mycenae.jpg,5,constellation-46,
330,299,18,22,7,14,,,constellation-4,
331,300,257,26,14,16,assets/cloth-schemes/hades-specters/papillon-myu.jpg,1,evil-star-83,
332,301,384,22,5,14,assets/cloth-schemes/athena-saints/lupus-nachi.jpg,1,constellation-50,
333,302,367,14,,2,assets/cloth-schemes/tezcatlipoca-jaguars/youaltepuztli-nahualpilli.jpg,3,,
334,303,6,22,6,14,assets/cloth-schemes/athena-saints/ara-nicole.jpg,5,constellation-6,
335,304,102,26,14,16,assets/cloth-schemes/hades-specters/papillon-myu.jpg,1,evil-star-51,
336,305,344,22,6,14,assets/cloth-schemes/athena-saints/triangulum-noesis.jpg,,constellation-80,
337,309,88,28,9,39,assets/cloth-schemes/chronos-titans/current-oceanus.jpg,5,,
338,310,153,26,14,16,assets/cloth-schemes/hades-specters/gorgon-ochs.jpg,6,evil-star-65,
339,312,249,22,6,14,,,constellation-59,
340,312,250,22,7,14,assets/cloth-schemes/athena-saints/ophiuchus-odysseus.jpg,1,constellation-59,
341,313,247,1,,29,assets/cloth-schemes/zeus-angels/odysseus.jpg,,,
342,314,,22,2,14,assets/cloth-schemes/athena-saints/ohko.jpg,,constellation-160,
343,315,248,26,9,16,assets/cloth-schemes/hades-specters/dream-oneiros.jpg,3,,
344,316,212,17,,11,assets/cloth-schemes/ares-martians/mantis-ordykia.jpg,5,,
345,317,207,22,6,14,assets/cloth-schemes/athena-saints/lyra-orphee.jpg,1,constellation-52,
346,318,207,22,6,14,assets/cloth-schemes/athena-saints/lyra-orpheus.jpg,5,constellation-52,
347,319,106,11,,40,assets/cloth-schemes/typhon-gigas/demon-twin-dog-orthros.jpg,5,,
348,320,336,22,7,14,,,constellation-78,
349,321,,22,2,14,,,,
350,322,327,11,,40,assets/cloth-schemes/typhon-gigas/stupidity-pallas.jpg,5,,
351,323,256,20,9,26,assets/cloth-schemes/pallas-pallasites/pallas.jpg,,,
352,325,,26,31,16,assets/cloth-schemes/hades-specters/pandora-heinstein.jpg,3,,
353,326,33,12,,,assets/cloth-schemes/gladiators/azoth-paracelsus.jpg,2,,
354,327,17,22,5,14,assets/cloth-schemes/athena-saints/apus-paradise.png,,constellation-3,
355,328,148,22,7,14,assets/cloth-schemes/athena-saints/gemini-paradox.jpg,5,constellation-38,
356,328,326,20,33,26,assets/cloth-schemes/pallas-pallasites/staff-scarlet-janus-paradox.jpg,,,
357,329,242,22,,14,assets/cloth-schemes/athena-saints/noctua-partita.jpg,3,constellation-128,
358,330,272,26,9,16,assets/cloth-schemes/hades-specters/persefone.png,13,,
359,331,,22,,14,assets/cloth-schemes/athena-saints/phaeton.png,,,
360,332,275,26,9,16,assets/cloth-schemes/hades-specters/portrayer-phantasos.jpg,3,,
361,333,324,26,13,16,assets/cloth-schemes/hades-specters/sphinx-pharaoh.jpg,1,evil-star-109,
362,334,206,26,13,16,assets/cloth-schemes/hades-specters/lycaon-phlegyas.jpg,1,evil-star-29,
363,335,277,26,9,16,assets/cloth-schemes/hades-specters/phobetor.png,5,,
364,336,406,3,Legion of Fear,11,assets/cloth-schemes/ares-berserkers/fear-phobos.png,15,,
365,337,229,28,9,39,assets/cloth-schemes/chronos-titans/moon-phoebe.jpg,5,,
366,338,234,8,,15,assets/cloth-schemes/eris-dryads/murder-phonos.png,10,,5
367,339,,4,,34,,,,
368,340,258,22,6,14,assets/cloth-schemes/athena-saints/pavo-pavlin.jpg,5,constellation-61,
369,341,297,8,,15,assets/cloth-schemes/eris-dryads/revenge-poena.jpg,,,
370,342,29,6,9,41,,,,
371,343,null,28,9,39,,,,
372,344,301,22,6,14,assets/cloth-schemes/athena-saints/sagitta-ptolemy.jpg,1,constellation-71,
373,345,185,11,,40,assets/cloth-schemes/typhon-gigas/kyanos-pyrokus.jpg,12,,
374,346,,9,,16,assets/cloth-schemes/hades-faceless/pyromaniac.jpg,2,,
375,347,5,26,13,16,assets/cloth-schemes/hades-specters/alraune-queen.jpg,1,evil-star-110,
376,348,,19,9,8,assets/cloth-schemes/ra-legionaries/legionaries.jpg,,,
377,349,13,17,,11,assets/cloth-schemes/ares-martians/ant-radzinsky.jpg,,,
378,350,325,17,,11,assets/cloth-schemes/ares-martians/spider-ragno.jpg,,,
379,351,,22,2,14,,,,
380,353,189,22,7,14,assets/cloth-schemes/athena-saints/leo-aiolia.jpg,1,constellation-46,
381,354,385,22,5,14,assets/cloth-schemes/athena-saints/lynx-retsu.jpg,14,constellation-51,
382,355,366,26,13,16,assets/cloth-schemes/hades-specters/wyvern-rhadamanthys-1.jpg,1,evil-star-7,
383,356,233,28,9,39,assets/cloth-schemes/chronos-titans/mother-of-gods-rhea.jpg,5,,
384,357,142,20,33,26,assets/cloth-schemes/pallas-pallasites/perfect-pawn-rhea.jpg,,,
385,358,283,11,,40,assets/cloth-schemes/typhon-gigas/phoinikeos-rhuax.jpg,12,,
386,359,252,22,6,14,assets/cloth-schemes/athena-saints/orion-rigel.png,10,constellation-60,5
387,359,255,8,45,15,assets/cloth-schemes/eris-dryads/pain-rigel.png,,,
388,360,392,22,4,14,assets/cloth-schemes/athena-saints/phoenix-ritahoa.jpg,,constellation-64,32
389,361,152,26,13,16,assets/cloth-schemes/hades-specters/golem-rock.jpg,1,evil-star-113,
390,362,261,22,5,14,assets/cloth-schemes/athena-saints/pegasus-rodorio.jpg,,constellation-62,29
391,363,125,12,Indestructible Sacred Sword,,assets/cloth-schemes/gladiators/durandal-roland.png,2,,
392,364,298,17,44,11,assets/cloth-schemes/ares-martians/romulus.png,5,,
393,365,295,22,5,14,assets/cloth-schemes/athena-saints/rangifer-rudolph.jpg,6,constellation-154,
394,366,300,13,,34,assets/cloth-schemes/odin-god-warriors/rung.png,5,,22
395,367,375,22,4,14,assets/cloth-schemes/athena-saints/corvus-ruse.jpg,3,constellation-28,7
396,368,293,22,5,14,assets/cloth-schemes/athena-saints/pyxi-rusk.png,5,constellation-69,
397,369,113,22,5,14,assets/cloth-schemes/athena-saints/draco-ryuho-1.jpg,5,constellation-34,
398,369,115,22,5,14,assets/cloth-schemes/athena-saints/draco-ryuho-2.png,5,constellation-34,
399,369,119,22,9,14,assets/cloth-schemes/athena-saints/draco-ryuho-omega.png,,constellation-34,
400,370,25,8,9,11,assets/cloth-schemes/eris-dryads/ares-saga.jpg,,,
401,370,148,22,7,14,assets/cloth-schemes/athena-saints/gemini-saga.jpg,1,constellation-38,
402,370,149,22,9,14,assets/cloth-schemes/athena-saints/gemini-saga-god.jpg,5,constellation-38,
403,371,55,22,7,14,,,constellation-12,
404,372,,22,2,14,,,,
405,373,,22,2,14,,,,
406,374,30,22,9,14,assets/cloth-schemes/athena-saints/athena-saori.jpg,1,,
407,375,30,22,9,14,,,,
408,377,55,22,7,14,assets/cloth-schemes/athena-saints/cancer-schiller.jpg,5,constellation-12,
409,379,261,22,5,14,assets/cloth-schemes/athena-saints/pegasus-seiya-1.png,1,constellation-62,
410,379,262,22,5,14,assets/cloth-schemes/athena-saints/pegasus-seiya-2.jpg,1,constellation-62,
411,379,263,22,5,14,assets/cloth-schemes/athena-saints/pegasus-seiya-3.jpg,1,constellation-62,
412,379,264,22,5,14,assets/cloth-schemes/athena-saints/pegasus-seiya-4.jpg,1,constellation-62,
413,379,265,22,5,14,assets/cloth-schemes/athena-saints/pegasus-seiya-5.jpg,1,constellation-62,
414,379,266,22,9,14,assets/cloth-schemes/athena-saints/pegasus-seiya-god.jpg,1,constellation-62,
415,379,267,22,,14,assets/cloth-schemes/athena-saints/pegasus-seiya-miracles.jpg,5,constellation-62,
416,379,260,22,5,14,assets/cloth-schemes/athena-saints/pegasus-seiya-anime-1.png,1,constellation-62,
417,379,369,22,7,14,assets/cloth-schemes/athena-saints/sagittarius-seiya-1.jpg,5,constellation-72,
418,379,370,22,7,14,assets/cloth-schemes/athena-saints/sagittarius-seiya-2.jpg,5,constellation-72,
419,379,246,13,9,34,assets/cloth-schemes/odin-god-warriors/odin-seiya.jpg,1,,12
420,379,368,12,,30,assets/cloth-schemes/gladiators/kusanagi-seiya.jpg,2,,
421,380,288,16,9,25,assets/cloth-schemes/poseidon-mariners/poseidon-seraphina.jpg,3,,
422,381,356,22,7,14,assets/cloth-schemes/athena-saints/virgo-shaka.jpg,1,constellation-86,
423,381,357,22,9,14,assets/cloth-schemes/athena-saints/virgo-shaka-god.jpg,5,constellation-86,
424,382,301,22,6,14,assets/cloth-schemes/athena-saints/sagitta-sham.jpg,,constellation-71,
425,383,37,10,,3,assets/cloth-schemes/balor-fairies/banshee-shelley.jpg,,,
426,384,,22,,14,,,,
427,385,356,22,7,14,,,constellation-86,
428,386,249,22,6,14,assets/cloth-schemes/athena-saints/ophiuchus-shaina.jpg,1,constellation-59,
429,387,380,22,4,14,assets/cloth-schemes/athena-saints/draco-shinadekuro.jpg,,constellation-34,32
430,388,,22,2,14,,,,
431,389,26,22,7,14,assets/cloth-schemes/athena-saints/aries-shion.jpg,,constellation-7,1
432,390,111,22,5,14,assets/cloth-schemes/athena-saints/draco-shiryu-1.jpg,1,constellation-34,
433,390,112,22,5,14,assets/cloth-schemes/athena-saints/draco-shiryu-anime-1.png,,constellation-34,12
434,390,114,22,5,14,assets/cloth-schemes/athena-saints/draco-shiryu-2.jpg,1,constellation-34,
435,390,116,22,5,14,assets/cloth-schemes/athena-saints/draco-shiryu-3.jpg,1,constellation-34,
436,390,117,22,5,14,assets/cloth-schemes/athena-saints/draco-shiryu-4.jpg,1,constellation-34,
437,390,118,22,9,14,assets/cloth-schemes/athena-saints/draco-shiryu-god.jpg,1,constellation-34,
438,390,197,22,7,14,assets/cloth-schemes/athena-saints/libra-shiryu.jpg,5,constellation-49,
439,391,258,22,6,14,assets/cloth-schemes/athena-saints/pavo-shiva.jpg,,constellation-61,
440,392,318,22,3,14,assets/cloth-schemes/athena-saints/sky-sho.png,11,constellation-82,
441,393,,22,1,14,,,,
442,394,132,22,5,14,assets/cloth-schemes/athena-saints/equuleus-shoko.png,4,constellation-35,
443,395,8,22,5,14,assets/cloth-schemes/athena-saints/andromeda-shun-1.jpg,1,constellation-1,
444,489,401,12,Cursed Sword of the Holy King,,assets/cloth-schemes/gladiators/clarent-mordred.jpg,,,
445,395,10,22,5,14,assets/cloth-schemes/athena-saints/andromeda-shun-2.jpg,1,constellation-1,
446,395,11,22,5,14,assets/cloth-schemes/athena-saints/andromeda-shun-3.jpg,1,constellation-1,
447,395,12,22,9,14,assets/cloth-schemes/athena-saints/andromeda-shun-god.jpg,1,constellation-1,
448,395,356,22,7,14,,1,constellation-86,
449,396,38,26,,16,assets/cloth-schemes/hades-specters/baphomet-shura.png,,,
450,396,59,22,9,14,assets/cloth-schemes/athena-saints/capricornus-shura.jpg,1,constellation-16,
451,396,60,22,9,14,assets/cloth-schemes/athena-saints/capricornus-shura-god.jpg,5,constellation-16,
452,397,122,13,,34,assets/cloth-schemes/odin-god-warriors/dubhe-siegfried.jpg,,Alpha Star,12
453,398,155,13,,34,assets/cloth-schemes/odin-god-warriors/grani-sigmund.png,5,,14
454,399,154,12,Sacred Sword of Anger,,assets/cloth-schemes/gladiators/gram-sigurd.jpg,2,,
455,400,,25,,35,assets/cloth-schemes/lamech/sillas-1.jpg,,,29
456,401,58,22,6,14,assets/cloth-schemes/athena-saints/canis-major-sirius.jpg,1,constellation-14,
457,402,302,22,7,14,assets/cloth-schemes/athena-saints/sagittarius-aiolos.jpg,1,constellation-72,
458,403,167,17,,11,assets/cloth-schemes/ares-martians/hornet-sonia.jpg,,,
459,403,305,22,7,14,assets/cloth-schemes/athena-saints/scorpio-sonia.jpg,5,constellation-73,
460,404,316,16,18,25,assets/cloth-schemes/poseidon-mariners/siren-sorrento.jpg,1,,
461,405,,9,,16,assets/cloth-schemes/hades-faceless/soul-reaper.jpg,2,,
462,406,192,22,5,14,assets/cloth-schemes/athena-saints/leo-minor-souma-1.jpg,5,constellation-47,
463,406,193,22,5,14,assets/cloth-schemes/athena-saints/leo-minor-souma-2.jpg,5,constellation-47,
464,406,194,22,9,14,assets/cloth-schemes/athena-saints/leo-minor-souma-omega.png,,constellation-47,
465,407,,22,6,14,assets/cloth-schemes/athena-saints/spartan.jpg,,,
466,408,274,11,,40,assets/cloth-schemes/typhon-gigas/phaios-spathe.jpg,12,,
467,409,110,22,5,14,assets/cloth-schemes/athena-saints/dorado-spear.jpg,6,constellation-33,
468,410,,22,5,14,assets/cloth-schemes/athena-saints/spica.jpg,5,,
469,411,97,26,13,16,assets/cloth-schemes/hades-specters/deadly-beetle-stand.jpg,1,evil-star-111,
470,412,,26,13,16,assets/cloth-schemes/hades-specters/steven.jpg,,evil-star-22,
471,413,39,22,3,14,assets/cloth-schemes/athena-saints/equuleus-subaru-steel.jpg,11,,
472,413,134,22,5,14,assets/cloth-schemes/athena-saints/equuleus-subaru.jpg,5,constellation-35,
473,413,304,20,9,39,assets/cloth-schemes/pallas-pallasites/saturn-subaru.jpg,,,
474,414,84,22,6,14,assets/cloth-schemes/athena-saints/crater-suikyo.jpg,1,constellation-29,
475,414,146,26,13,16,assets/cloth-schemes/hades-specters/garuda-aiacos.jpg,1,evil-star-6,
476,415,236,20,33,26,assets/cloth-schemes/pallas-pallasites/mystic-stone-surt.jpg,,,
477,416,128,13,,34,assets/cloth-schemes/odin-god-warriors/eikthyrnir-surt.png,5,,14
478,417,227,13,,34,assets/cloth-schemes/odin-god-warriors/mizar-syd.jpg,,Zeta Star,12
479,418,40,26,13,16,assets/cloth-schemes/hades-specters/basilisk-sylphid.jpg,1,evil-star-16,
480,419,130,11,,40,assets/cloth-schemes/typhon-gigas/amber-beast-tail.jpg,12,,
481,420,null,6,9,41,,,,
482,421,231,20,34,26,assets/cloth-schemes/pallas-pallasites/morgenstern-star-crusher-tarvos-1.jpg,,,
483,423,336,22,7,14,assets/cloth-schemes/athena-saints/taurus-teneo.jpg,5,constellation-78,
484,424,261,22,5,14,assets/cloth-schemes/athena-saints/pegasus-tenma.jpg,1,constellation-62,
485,424,266,22,9,14,assets/cloth-schemes/athena-saints/pegasus-seiya-god.jpg,1,constellation-62,
486,425,,22,2,14,,,,
487,426,319,28,9,39,assets/cloth-schemes/chronos-titans/ocean-tethys.jpg,5,,
488,427,339,26,9,16,assets/cloth-schemes/hades-specters/thanatos.jpg,1,,
489,428,162,20,34,26,assets/cloth-schemes/pallas-pallasites/hammer-demon-impact-thebe.jpg,,,
490,429,177,28,9,39,assets/cloth-schemes/chronos-titans/illumination-theia.jpg,5,,
491,430,109,28,9,39,assets/cloth-schemes/chronos-titans/justice-themis.jpg,5,,
492,431,340,1,,29,assets/cloth-schemes/zeus-angels/theseus.jpg,,,
493,432,224,16,,25,assets/cloth-schemes/poseidon-mariners/mermaid-thetis.jpg,1,,
494,433,276,13,,34,assets/cloth-schemes/odin-god-warriors/phecda-thor.jpg,,Gamma Star,12
495,434,328,20,32,26,assets/cloth-schemes/pallas-pallasites/genesis-titan.jpg,,,
496,435,342,11,,40,assets/cloth-schemes/typhon-gigas/thunderclap-toas.jpg,5,,
497,436,166,8,45,15,assets/cloth-schemes/eris-dryads/hope-toki.png,,,
498,437,18,22,9,14,assets/cloth-schemes/athena-saints/aquarius-tokisada.jpg,5,constellation-4,
499,437,101,20,33,26,assets/cloth-schemes/pallas-pallasites/deathwatch-tokisada.jpg,,,
500,437,168,22,6,14,assets/cloth-schemes/athena-saints/horologium-tokisada.jpg,,constellation-41,
501,438,163,26,13,16,assets/cloth-schemes/hades-specters/hanuman-tokusa.jpg,3,evil-star-36,
502,439,175,1,,29,assets/cloth-schemes/zeus-angels/icarus-toma.jpg,,,
503,439,320,1,,29,assets/cloth-schemes/zeus-angels/sleep-angel-toma.jpg,1,,
504,440,30,22,9,14,assets/cloth-schemes/athena-saints/athena-tomoe.jpg,2,,
505,441,129,15,,38,assets/cloth-schemes/garnet-jewels/electricity-tourmasline.jpg,,,
506,442,16,12,,,assets/cloth-schemes/gladiators/aparajita-trivikramasena.jpg,14,,
507,443,355,22,6,14,assets/cloth-schemes/athena-saints/vela-tsubaki.png,5,constellation-85,
508,444,348,11,9,40,assets/cloth-schemes/typhon-gigas/typhon.jpg,5,,
509,445,349,13,,34,assets/cloth-schemes/odin-god-warriors/ullr.png,5,,22
510,446,309,16,18,25,assets/cloth-schemes/poseidon-mariners/sea-dragon-unity.png,,,
511,447,null,6,9,41,,,,
512,448,214,22,3,14,assets/cloth-schemes/athena-saints/marine-ushio.png,11,constellation-33,
513,449,164,26,13,16,assets/cloth-schemes/hades-specters/harpy-valentine.jpg,1,evil-star-35,
514,450,353,13,31,34,assets/cloth-schemes/odin-god-warriors/valkyrie.jpg,,,29
515,451,156,26,13,16,assets/cloth-schemes/hades-specters/griffon-minos.jpg,1,evil-star-10,
516,452,238,26,13,16,assets/cloth-schemes/hades-specters/nasu-veronica.jpg,3,evil-star-24,
517,453,44,26,13,16,assets/cloth-schemes/hades-specters/behemoth-violate.jpg,3,evil-star-13,
518,455,362,17,44,11,assets/cloth-schemes/ares-martians/vulcanus.png,5,,
519,456,,9,,16,assets/cloth-schemes/hades-faceless/wadatsumi.jpg,2,,
520,457,338,14,9,2,assets/cloth-schemes/tezcatlipoca-jaguars/tezcatlipoca-wesda.png,3,,
521,458,41,26,14,16,assets/cloth-schemes/hades-specters/bat-wimber.jpg,3,evil-star-97,
522,459,352,22,5,14,assets/cloth-schemes/athena-saints/ursa-minor-xiaoling.png,4,constellation-84,
523,460,228,22,5,14,assets/cloth-schemes/athena-saints/monoceros-yato.jpg,3,constellation-55,
524,462,75,20,34,26,assets/cloth-schemes/pallas-pallasites/claw-max-brilliants-ymir.jpg,,,
525,463,222,26,13,16,assets/cloth-schemes/hades-specters/mephistopheles-yoma.jpg,3,evil-star-1,
526,464,,18,43,30,,,,
527,465,30,22,9,14,assets/cloth-schemes/athena-saints/athena-yoshino.png,2,,
528,466,203,22,5,14,assets/cloth-schemes/athena-saints/lupus-yoshitomi.jpg,,constellation-50,
529,467,171,8,,15,assets/cloth-schemes/eris-dryads/famine-yufa.jpg,,,
530,468,314,22,5,14,assets/cloth-schemes/athena-saints/sextans-yulij.png,5,constellation-77,
531,469,21,22,5,14,assets/cloth-schemes/athena-saints/aquila-yuna-1.jpg,5,constellation-5,
532,469,22,22,5,14,assets/cloth-schemes/athena-saints/aquila-yuna-2.jpg,5,constellation-5,
533,469,23,22,9,14,assets/cloth-schemes/athena-saints/aquila-yuna-omega.png,,constellation-5,
534,470,157,22,6,14,assets/cloth-schemes/athena-saints/grus-yuzuriha.jpg,3,constellation-39,
535,471,305,22,7,14,,,constellation-73,
536,472,141,26,14,16,assets/cloth-schemes/hades-specters/frog-zelos.jpg,1,evil-star-44,
537,473,15,11,,40,assets/cloth-schemes/typhon-gigas/anthrakma-zugylos.jpg,12,,
538,475,,21,38,39,,,,
539,476,65,22,6,14,assets/cloth-schemes/athena-saints/cepheus-daidalos.jpg,1,constellation-20,
540,477,378,22,6,14,assets/cloth-schemes/athena-saints/cepheus-albior.jpg,5,constellation-20,
541,479,98,26,14,16,assets/cloth-schemes/hades-specters/deadly-harlequin-kafka.jpg,6,evil-star-48,
542,,394,20,1,26,assets/cloth-schemes/pallas-pallasites/pallasites-soldiers-green.jpg,,,
543,,397,20,1,26,assets/cloth-schemes/pallas-pallasites/pallasites-soldiers-blue.jpg,,,
544,,398,20,1,26,assets/cloth-schemes/pallas-pallasites/pallasites-soldiers-black.png,,,
545,,,19,1,8,assets/cloth-schemes/ra-legionaries/ra.jpg,,,
546,,322,17,,11,assets/cloth-schemes/ares-martians/martian-soldiers.jpg,,,
547,,395,20,1,26,assets/cloth-schemes/pallas-pallasites/pallasites-soldiers-red.jpg,,,
548,,383,23,1,12,assets/cloth-schemes/artemis-satellites/satellites-1.jpg,5,,
549,,389,23,1,12,assets/cloth-schemes/artemis-satellites/satellites-3.jpg,5,,
550,,396,20,1,26,assets/cloth-schemes/pallas-pallasites/pallasites-soldiers-yellow.jpg,,,
551,,14,17,1,11,assets/cloth-schemes/ares-martians/ant-squad-soldier.jpg,,,
552,495,31,22,6,14,assets/cloth-schemes/athena-saints/atrium-cloth.png,,,29
553,497,62,22,6,14,assets/cloth-schemes/athena-saints/cassiopeia-cloth.png,,constellation-18,29
554,509,79,22,5,14,assets/cloth-schemes/athena-saints/corona-australis.jpg,,constellation-26,29
555,514,85,22,6,14,assets/cloth-schemes/athena-saints/crater-saint.png,,constellation-29,29
556,523,104,22,5,14,assets/cloth-schemes/athena-saints/delphinus-saint.png,11,constellation-32,12
557,527,135,22,5,14,assets/cloth-schemes/athena-saints/eridanus-saint.jpg,5,constellation-36,6
558,,137,26,,16,assets/cloth-schemes/hades-specters/executioner-surplice.png,5,,
559,529,139,22,6,14,assets/cloth-schemes/athena-saints/fornax-cloth.png,,constellation-37,29
560,,144,26,,16,assets/cloth-schemes/hades-specters/gargoyle-surplice.jpg,1,,
561,,179,22,5,14,assets/cloth-schemes/athena-saints/indus-saint.jpg,5,constellation-44,
562,554,181,22,,14,assets/cloth-schemes/athena-saints/jellyfish-saint.png,11,,12
563,,188,26,,16,assets/cloth-schemes/hades-specters/leech-surplice.png,5,,
564,540,221,22,6,14,assets/cloth-schemes/athena-saints/mensa-cloth.png,,constellation-53,29
565,,230,26,,16,assets/cloth-schemes/hades-specters/morax-surplice.png,5,,
566,,,3,Legion of Fire,11,,,,
567,,,3,Legion of Fear,11,,,,
568,,,3,Legion of Disaster,11,,,,
569,541,244,22,6,14,assets/cloth-schemes/athena-saints/nu-cloth.png,,constellation-169,
570,557,251,22,5,14,assets/cloth-schemes/athena-saints/silver-oriolus-cloth.jpg,,,29
571,545,286,22,5,14,assets/cloth-schemes/athena-saints/piscis-austrinus-cloth.jpg,,constellation-67,29
572,546,290,22,5,14,assets/cloth-schemes/athena-saints/puppis-cloth.jpg,,constellation-68,29
573,547,292,22,6,14,assets/cloth-schemes/athena-saints/pyxis-cloth.png,,constellation-69,29
574,553,311,22,,14,assets/cloth-schemes/athena-saints/sea-serpent-saint.png,11,,12
575,555,313,22,5,14,assets/cloth-schemes/athena-saints/serpens-cloth.jpg,,constellation-76,29
576,561,347,22,,14,assets/cloth-schemes/athena-saints/tucana-saint.jpg,3,constellation-82,6
577,248,,21,39,,,,,
578,,388,22,4,14,,,,
579,307,30,22,9,14,assets/cloth-schemes/athena-saints/athena-saori.jpg,1,,
580,311,148,22,7,14,assets/cloth-schemes/athena-saints/gemini-integra.jpg,5,constellation-38,
581,267,24,22,6,14,,,constellation-6,
582,484,,2,9,13,assets/cloth-schemes/astreia-golden-tribe/astraea.jpg,5,,
583,485,,2,,13,assets/cloth-schemes/astreia-golden-tribe/ex.png,5,,
584,486,,2,,13,assets/cloth-schemes/astreia-golden-tribe/machina.png,5,,
585,487,1,26,13,16,,,evil-star-4,
586,488,400,12,,,assets/cloth-schemes/gladiators/excalibur-arthur.jpg,2,,
587,,402,26,13,16,assets/cloth-schemes/hades-specters/wyrm-surplice.jpg,,evil-star-8,
588,490,403,8,,15,assets/cloth-schemes/eris-dryads/vow-horcos.jpg,,,
589,491,404,26,,16,assets/cloth-schemes/hades-specters/mouse-surplice.jpg,5,,
590,101,408,8,13,15,assets/cloth-schemes/eris-dryads/terror-deimos.png,15,,
591,336,407,8,13,15,assets/cloth-schemes/eris-dryads/fear-phobos.png,15,,
592,496,409,22,5,14,assets/cloth-schemes/athena-saints/canis-minor-saint.jpg,,constellation-15,29
593,317,410,22,9,14,assets/cloth-schemes/athena-saints/lyra-orphee-god.jpg,16,constellation-52,29
594,492,20,22,6,14,assets/cloth-schemes/athena-saints/aquila-saint.png,,constellation-5,29
595,493,411,22,6,14,assets/cloth-schemes/athena-saints/ara-saint.png,,constellation-6,29
596,494,411,22,6,14,assets/cloth-schemes/athena-saints/ara-saint-woman.jpg,,constellation-6,29
597,498,412,22,5,14,assets/cloth-schemes/athena-saints/cassiopeia-saint.png,3,constellation-18,6
598,499,65,22,6,14,assets/cloth-schemes/athena-saints/cepheus-saint.jpg,,constellation-20,29
599,500,413,22,6,14,assets/cloth-schemes/athena-saints/cerberus-saint.jpg,,constellation-101,29
600,501,413,22,6,14,assets/cloth-schemes/athena-saints/cerberus-saint-woman.jpg,,constellation-101,29
601,502,66,22,6,14,assets/cloth-schemes/athena-saints/cerberus-saint-woman-2.jpg,,constellation-101,29
602,503,414,22,6,14,assets/cloth-schemes/athena-saints/bootes-saint.jpg,3,constellation-9,6
603,504,415,22,6,14,assets/cloth-schemes/athena-saints/camelopardalis-saint.jpg,3,constellation-11,6
604,505,57,22,6,14,assets/cloth-schemes/athena-saints/canes-venatici-renner.png,3,constellation-13,7
605,506,70,22,5,14,assets/cloth-schemes/athena-saints/chameleon-saint.jpg,,constellation-22,29
606,507,416,22,5,14,assets/cloth-schemes/athena-saints/columba-saint.jpg,,constellation-24,29
607,508,417,22,5,14,assets/cloth-schemes/athena-saints/coma-berenices-saint.jpg,,constellation-25,29
608,510,418,22,5,14,assets/cloth-schemes/athena-saints/corona-borealis-cloth.jpg,,constellation-27,29
609,511,419,22,5,14,assets/cloth-schemes/athena-saints/corona-borealis-saint.jpg,3,constellation-27,6
610,512,420,22,6,14,assets/cloth-schemes/athena-saints/corvus-saint.jpg,,constellation-28,29
611,513,420,22,6,14,assets/cloth-schemes/athena-saints/corvus-saint-woman.jpg,,constellation-28,29
612,,83,22,6,14,assets/cloth-schemes/athena-saints/crater-cloth.jpg,1,constellation-29,19
613,515,85,22,6,14,assets/cloth-schemes/athena-saints/crater-saint-man.jpg,,constellation-29,29
614,516,85,22,6,14,assets/cloth-schemes/athena-saints/crater-saint-woman.jpg,,constellation-29,29
615,517,421,22,6,14,assets/cloth-schemes/athena-saints/crux-saint.jpg,,constellation-30,29
616,518,421,22,6,14,assets/cloth-schemes/athena-saints/crux-saint-woman.jpg,,constellation-30,29
617,519,422,22,4,14,assets/cloth-schemes/athena-saints/andromeda-black-saint.jpg,1,constellation-1,32
618,395,9,22,5,14,assets/cloth-schemes/athena-saints/andromeda-shun-anime-1.png,1,constellation-1,12
619,520,423,22,5,14,assets/cloth-schemes/athena-saints/delphinus-saint.jpg,,constellation-32,29
620,521,424,22,5,14,assets/cloth-schemes/athena-saints/delphinus-saint-tlc.jpg,3,constellation-32,6
621,522,,22,1,14,assets/cloth-schemes/athena-saints/docrates-saint-soldier.png,,,12
622,524,425,22,5,14,assets/cloth-schemes/athena-saints/dorado-kurumada-sketch.png,1,constellation-33,
623,525,426,22,5,14,assets/cloth-schemes/athena-saints/dorado-saint.jpg,,constellation-33,29
624,526,426,22,5,14,assets/cloth-schemes/athena-saints/dorado-saint-woman.jpg,,constellation-33,29
625,528,428,22,5,14,assets/cloth-schemes/athena-saints/eridanus-cloth.jpg,,constellation-36,29
626,530,151,22,6,14,assets/cloth-schemes/athena-saints/ghosts-master-cloth.png,,,29
627,531,157,22,6,14,assets/cloth-schemes/athena-saints/grus-cloth.png,,constellation-39,29
628,532,168,22,6,14,assets/cloth-schemes/athena-saints/horologium-saint.jpg,,constellation-41,29
629,533,168,22,6,14,assets/cloth-schemes/athena-saints/horologium-saint-woman.jpg,,constellation-41,29
630,534,,22,1,14,assets/cloth-schemes/athena-saints/jamian-soldier.png,,,12
631,535,429,22,6,14,assets/cloth-schemes/athena-saints/lacerta-saint.png,,constellation-45,29
632,536,429,22,6,14,assets/cloth-schemes/athena-saints/lacerta-saint-woman.jpg,,constellation-45,29
633,537,195,22,5,14,assets/cloth-schemes/athena-saints/lepus-saint.jpg,3,constellation-48,6
634,538,430,22,5,14,assets/cloth-schemes/athena-saints/lepus-cloth.png,,constellation-48,29
635,390,198,22,9,14,assets/cloth-schemes/athena-saints/libra-shiryu-god.jpg,5,constellation-49,16
636,539,207,22,6,14,assets/cloth-schemes/athena-saints/lyra-saint.jpg,,constellation-52,29
637,542,249,22,6,14,assets/cloth-schemes/athena-saints/ophiuchus-saint.jpg,,constellation-59,29
638,543,431,22,6,14,assets/cloth-schemes/athena-saints/pavo-shiva-kurumada-cloth.png,,constellation-61,
639,544,432,22,6,14,assets/cloth-schemes/athena-saints/pavo-saint.png,,constellation-61,29
640,548,295,22,5,14,assets/cloth-schemes/athena-saints/rangifer-cloth.jpg,,constellation-154,29
641,549,295,22,5,14,assets/cloth-schemes/athena-saints/rangifer-saint-woman.jpg,,constellation-154,29
642,550,433,22,6,14,assets/cloth-schemes/athena-saints/reticulum-saint.png,,constellation-70,29
643,551,,22,1,14,assets/cloth-schemes/athena-saints/saint-soldier.png,,,1
644,552,307,22,5,14,assets/cloth-schemes/athena-saints/scutum-saint.jpg,,constellation-75,29
645,556,314,22,5,14,assets/cloth-schemes/athena-saints/sextante-saint.jpg,,constellation-77,29
646,558,434,22,,14,assets/cloth-schemes/athena-saints/tornado-saint.png,,,29
647,559,344,22,6,14,assets/cloth-schemes/athena-saints/triangulum-saint.jpg,,constellation-80,29
648,560,344,22,6,14,assets/cloth-schemes/athena-saints/triangulum-saint-woman.jpg,,constellation-80,29
649,562,347,22,,14,assets/cloth-schemes/athena-saints/tucana-kurumada-sketch.png,1,constellation-82,
650,563,359,22,5,14,assets/cloth-schemes/athena-saints/volans-saint.jpg,5,constellation-87,6
651,564,359,22,5,14,assets/cloth-schemes/athena-saints/volans-cloth.jpg,5,constellation-87,29
652,234,435,16,9,25,assets/cloth-schemes/poseidon-mariners/triton-kouga.jpg,,,37
653,116,435,16,9,25,assets/cloth-schemes/poseidon-mariners/triton-eden.jpg,,,37
654,173,435,16,9,25,assets/cloth-schemes/poseidon-mariners/triton-haruto.jpg,,,37
655,369,435,16,9,25,assets/cloth-schemes/poseidon-mariners/triton-ryuho.jpg,,,37
656,406,435,16,9,25,assets/cloth-schemes/poseidon-mariners/triton-souma.jpg,,,37
657,469,435,16,9,25,assets/cloth-schemes/poseidon-mariners/triton-yuna.jpg,,,37
658,522,,22,1,14,assets/cloth-schemes/athena-saints/docrates-saint-soldier.png,,,12
659,566,,22,,14,assets/cloth-schemes/athena-saints/saint-a.jpg,,,12
660,567,,22,,14,assets/cloth-schemes/athena-saints/saint-b.jpg,,,12
661,568,,22,,14,assets/cloth-schemes/athena-saints/saint-c.jpg,,,12
662,569,,13,1,34,assets/cloth-schemes/odin-god-warriors/asgard-soldier.jpg,,,22
663,306,436,1,9,29,assets/cloth-schemes/zeus-angels/zeus.jpg,1,,19
